content,label
一时女眷上后王夫人因为凤姐你今儿怎么样凤姐儿到太太只管请回去我须得先理出一个头绪来才回去得那王夫人听说便先同行夫人等回去不在话下,7
酒驾者请勿进行呼气直角色时会一警政署定搬取的酒后驾车作业程序规定确认受测者饮酒结束后15分钟并提供矿泉水漱口后才进行酒精浓度检测,5
自身说法家在五台山跟师父子珍长老学会说姻缘经验呢可将女儿长了我到你女儿房中说哪儿大王回心转意不娶你女儿,4
盲校被教子亲自去节又叫我新回公馆里去制造我就先回去了到了下午记之陪着他老太太来了季氏夫人引出去我也上,1
关于难辞其责自身也为孙权所杀但当年的攻防战中数中仅不派兵往员任期覆灭认为诸葛亮关羽破坏隆中对所需要的联吴抗曹政策,3
不知去哪儿了你都知道独自逃出为中到桃花山下奉上身在大玩节奏大王不是他的对手请他身上让他坐在这,4
过后只听袁渊有人校生约有12时妇人一群吸塑建禄堂屋往那边我那去了又见两三个妇人都捧着大七孔和静这边来等候听得那边说了300犯贱,7
Highway命中人帮开始规矩有34尺身仅有一块青石板中人撬开始板红杏探头一看是个黑洞洞的万丈的血,4
这一进到第5年的举办今年的话会有26传参加永久天的时间来骑车到台湾一周期中的星系团已经在10月22号出发且顺利返回新余的团队会在11月5号上午8点半左右分别从台北台中彰化机构,5
夕阳太守马腾并州刺史韩遂接到皇帝密照后骑兵杀上长安马特的儿子马超虽只有17岁但英勇过人连杀李守相几员大将但终因并拉断了粮草不得不退回西凉,2
发战争发生在1883年12月至1885年4月间是清朝为了保护越南旅法国发生的战争战士除在越南境内展开外法国上派遣部队攻打云南边界并由发,3
该规定19日起生效将通知各国提出成瘾防治对策该指引市民店完成瘾症状包括无法控制的打电话姜电玩至于其他生活兴趣之前,5
河北雄安新区生态环境局昨日在雄安新区容城县挂牌成立这是自今年生态环境部组件以来中国全国范围内首个成立的地方生态环境局河北省环保厅,5
便上前有凌云渡唐僧说这条人怎能过得另找六八戒沙僧都不敢过悟空跳上桥左摇右晃跑过桥海过来过来三人还是不敢过悟空回来找八戒八戒干脆躺在地上死活不起来,6
搜索树和图的算法沿着树的深度遍历树的节点尽可能生的搜索树的分支当节点的所在边都以为探寻过搜索将回溯到发现节点里的那条边的其实节点这一过程,3
父王怎会性远路和尚的话国王说那道人推我落尽什连我的金镶白玉圭一同推入他所以变成我的模样独独少了这玉归无法与归留下当表计他已渐就会相信师父的话,6
看到了怎么样拼音问道这在日子瑞拉也是因什么只管来凤姐儿谁将9月里在林府园子里遇见他的光景他说的话都告诉了评合并后收到那样貌想听俄罗斯言论的混账东西想起这个念头就好不得好死,7
军人所健身房成吉思汗健身馆的创办人兼执行长因此等餐馆长原名陈司翰出豪彪悍台北泸州人习惯依然2017年迁居新北市林口区,3
钢制乐门前只见王夫人的丫鬟明精彩而这和一个才留了头的小女孩儿站在台阶上玩见周瑞家的来了便只有化回音像那努嘴儿,7
鲁智深问你那桶里装的什么汉子说只有自身问多少钱一桶汉子说这九只卖给寺内的火工到人只听觉肤干杂活的人吃不敢慢于和尚,4
将群中山市柏庄户请来吃而一群就说造化身上具有一伙强人打家劫舍为害地方昨晚会来我们装打结果今天请你们来商量又是他们来此我穿上超级棒子你们都要互相就应大家同心协力共保地方爱你,4
那之间以来到了天香楼的后门见宝玉菡一群丫头们在那里玩呢凤姐说到宝兄弟别砍头弃了有一个丫头说道太太们都在楼上坐着呢请奶奶就从这边上去吧,7
六年陈棒队再度哈亚运拿下了第1面亚运金牌而巧虎球则至1980年代以来数十次在世界巧固球赛锦标赛以及洲际赛事中得到世界冠军2009年与高雄市举办的世界运动会为台湾,3
2630手做了边境角边说的感谢华三人阵营救救援外回来了金老给两人引荐了这个外孙工的是我都知道了这里正当大家不是九月的地方案公布如跟我到乡下装院里得几天,4
人之后到上下无一人不称颂他夫人的脸也倒退了一所知的说无恙六级标识言谈又极爽利心肌肉及身系仅是个男人万不及一的,7
下达的子的根源已渐渐渐固了祖师说你学会了长生不老之法但有三次大灾会降临500年后天将雷在打你再过500年天江阴火烧你再过500年天将因风吹你,6
不发后来又说是要到他们跟前去清领他们今天单捏着支票就变了阎王脸了我实在怕看见我钱也不要了关也不做了这样无限量的悲曲,0
王在室温钱塘图将来除凤清于老凤声未可量也夹正忙赔笑道全子旗杆没有成金奖励范俊于正如是言语音生被知性与水溶又到只是一件,7
与王夫人作词大家送至穿堂前出了垂花门早有中小厮们拉过一辆最为轻抽车型夫人吸了大雨作上撞破子们放下车连芳命小厮们抬起拉至宽处方,7
鲁达又说在切实经费了不要一丁点精肉也要切成见证图说今后可包馄饨肥落有什么用鲁达说这是小种经略相公的命令谁敢多问,4
1美元联村29八其中中国厂商有四家进入前25名分别是腾讯网易完美世界和三七互娱前景腾讯一家就占据了全球游戏市场总收入的15%,5
说宁国府中都总管来生文德里面为请了凤姐英传奇同事人等说到如今请了西服里连二奶奶管理那是他和她来支取东西或是说话我们需要比往日小型些每日大家早来晚上,7
你说申诉我无理取兵器加上取一条膀向后生劈头打去后生们举办着假不料王静却半路上收入榜抽回来的胸点去后生猝不及防证中心口普通摔倒,4
置身一把镰头巾带头发通通州住那一声直娘贼右手就是一拳2大王金叫做什么打老公,4
智神说是破了酒家要打四十足比赶下山去自身两眼一瞪么到他娘的你两个想打我们之间是不好一个非也十分近似报信一个用术必然他,4
命中生拿出来让唐朝的老爷见识见识老三让人开了库房拍出12个柜子四周车上绳子把袈裟一件件搭上果然都是锦绣绫罗精美无比,6
突然的血那一阵雷鸣寺的响亮一道黑气冲出来先他了半个垫脚直冲到半天云消散做百十道金光往四面八方去了,4
故宫这才进东放下师父师的说儿会被我装进和鲁社会该化成脓血了大怪被我打败逃往压龙洞去了移动的小妖竟被我打死,6
领到手里张角及兄弟张良和张保率数十万信徒发起民变史称黄巾之乱乱世范围迅速扩大很快发展成全国性的战乱,3
获得张廷玉与阿尔泰的协助稳定政局他也会蒙相济的理念时政界与康熙的敌人后与雍正帝的严苛之间人口不断增加使乾隆末年突破3亿大关约暂暂时当时,3
光疗并不是天生的特别种族就是平民变旧的现在学生出生的官僚就不少和老官僚有什么两样那一的则接然思想言论举动风采,0
前日上院徐丹丹传的他进去叫他好好的出去庙里不然这个拐骗巨资我飞了出去就要揍餐的吓得他昨日去求返台设法这位防台本来是不大理会他的是10月发一他是个,1
二要归奉政法三要规定施有此是三皈五戒者一不要杀生儿不要偷到三不要赢钱是不要贪95不要妄语,4
自身埋怨李忠哥哥你不与小弟出气道把这秃驴请上山来李忠说你知道他是谁他就是我常说的三拳打死镇关西的鲁提辖,4
修改涉嫌违反研究伦理连台大校长杨泮池共同发明的论文也受波及太大所都成立特别委员会进行调查科技部长杨红灯表示科技部也已对此案展开学术伦理审查程序如确有违反科技部学术伦理案件处理及审议要点贵,5
如今生褪去了可见着长房内全面无人了说着又哭起来众人忙劝道人以此似乎也无一切商议如何料理要尽早真拍手道如何料理不过尽我所有罢了,7
建立了汉朝代传到环的任用宦官残害忠良20的是宦官势力更加猖獗大将军到太傅盛帆计划消灭宦官因为解了逆反被宦官杀害这10个弄成的宦官,2
曾文溪大甲溪无锡市顾南希特勒是一位居中部地区的煮水器虽然最常人而已流域面积而沦为军南部地区的草坪西最大其他主要河流上有大安西北港西巴掌,3
这件事实在不能尽力只好方面的了这一千两银子的票子请大人带回去另外想法子吧不要误了是梅西到三台同老歌的交情是大家都晓得的老哥肯当面据说我开,1
这也和可去枞树菇明只是目击型让路费一概不错神经路远非浪漫制作文集难道这是影不再说完便道兄何不找闫宇宙由此心一旦美与兄师兄并未谈及,7
荷兰联合申办及西班牙与葡萄牙联合申办经过正式投票后国际足总宣布尔斯成为2018年世界杯主办国主办会场位于俄罗斯在欧洲地区的城市冠军站将在莫斯科体育场举行,3
重庆校开门向庄丁说明来意装丁炳名庄主太公太恭迎了出来王静谎说姓张在东京做生意赔了本钱要去延安府投奔亲戚,4
23日发布4月工业生产统计新闻资料时实施彩民国1055年级起并回首秀政治98年70年之久17年资料只1元定期指数连帧率进行衔接,5
请说姓孙我给你起个发明白我也法名叫孙悟空我再给你起个新名称为行者从此入口又叫孙行者伯清告辞回去不空就保证三藏西行,6
露达班了条长凳网店门口一放坐在那里直到过万金老妇女走远了看看天色不早这才直奔状元桥,4
成立毒品查缉衷心希望透过积极行动降低毒品所衍生的社会问题并且整合剪掉线并观雾海寻等系统相关单位向毒品正式宣战交出亮眼成绩单和园的歌,5
一个人写起方秒恰好铺从千里之外解读之为小小一个人家英语容幅略有些括隔着日正往荣府中来因此便就此一家说来到还是头绪,7
要到不妨我教你老一个法子你进大了外孙子小板儿先去找陪房周瑞若见了她就有些意思了这周瑞仙石曾和我父亲教过一桩是我们极好的,7
有人请教他时他便请人家带比划了自己提上两句诗写上一个款便算是她画的了我说到这个与她有什么好处呢只知道他的榜单非常之桂华一把扇子,1
公平会18号委员会议决议通过处红鹰公司10000000元罚款公平会副主委邱永和说,5
刘玄德心凌徐州可往投资部从脐眼镜头徐州来有人报之选得玄德曰不乃当今英勇之士可出隐之谜足约吕布来虎狼之徒不可收了,2
在广州大战鹰他成败如此为师就率军区资源如此让刘备去银川至元皇甫嵩朱俊刘备就算车企业赶去报复收与朱骏定计火攻黄巾军少的张宝藏量大大,2
床面前看着他的脸说店家叫他们出发的下半天来我可不能这么说他们不相信不答应的有什么不相信他们可以问去全衙门里什么人也没有,0
是高球时来运转和开发机那气球飞起来跟王没接住址滚到他脚边他壮起胆来使个鸳鸯馆将球踢还端网,4
见了众神将罗汉就让武功再去挑战和空来到洞口破口大骂那怪题将出动界面就是悟空转身就跑那怪正赶着忽听有人高校那你偶尔会跟我回家模军舰是老君大吃一惊真不知无空怎么找他主人的忙跑圈子去,6
那不就可以写着美和引导有兴趣的学生学习传统工艺或是艺术专业工作等有助于学生未来职业发展和城市规划,5
唐僧都转马头却见一通石壁上面有三个转子流沙河还有四行楷书八百流沙家三千弱水深而毛飘不起卢欢定底层,6
别说是这样几时才能走到悟空说若是二位显的十多天也可走一趟若是老孙一天也走50趟两头还见太阳落论师傅别想,6
没有天长老修书一封教过自身说你两次吃醉酒大闹五台山虽看在赵员外面之上这文殊圣地也容不得你了我有一个师的现在东京大相国寺当住持法号智,4
掺和进进攻而进自觉手中掌握天下大全市场是不敢把他怎么样便不听劝阻近的皇宫刚一进门便被乱刀砍死护送和进进攻的袁绍曹操在宫门外等了很久不见和竞走去,2
解决定先被防火墙封锁问题而另一问题是除非对于虚拟私人网络公司有一定程度信赖否则很难确保这些公司不会私下记录使用者的使用情形在安全隐私方面应成为另一应用,5
他一开桌子用锄头一次崛起四会大方砖都是一看着那些黄传承的细沙说了手扒开启刷屏模组下面的黑土来他及小新的油井的一处一处往下决然而深夜究竟太急进了尖铁出土的声音总是盾中的不可男人的发想,0
要求无以为生只得来到淮西临淮州投奔一个开独访的柳大郎一住三年,4
让使劲将他们绑了送交官府免受牵连使尽孝道我要绑了你们天下好汉都要笑话我坏了仪器今天既然如此索性一不做二不休跟他们拼个你死我活,4
技术人员美国汉中国为主导ai要落实到每一个领域终究还是需要整合产品只运算进片关键零组件系统组装软体界面服装设计资产业价值链才能发挥实际应用因此从接收大数据的格式感应器到各项新,5
记得什么书上说有一种东西叫海以南的眼光和样子都很难看时常吃死肉连极大的骨头都细细嚼慢咽下肚子去想起来也叫人害怕,0
Intel主持政治说完后动作便命令左右夫皇帝下电解下他的福喜让他往北面长贵皇帝和太后都哭了大臣们非常悲痛在下面的一位大臣这时大叫道贩子冻着感的天鹅鹅,2
内中有一老人年说道不要误他的是何苦耍他印象刘姥姥道那周大爷以往南边去了他在后一带住着他娘子却在家你要找什重这边绕到后接上后门上去问就是了,7
近日小王都太尉取回玉龙比价又一个金盒子病症只狮子成了用黄萝包好写一封书信让高球给端往送去给端王,4
说若是留着恩公安公有个三长两短的让员工吃苦若是让恩公就这么走了我越涨的面子不好看赵某有个主意可保安宫万无一失误台山上有座文殊院子里,4
电子流泪付中哥女貂蝉此时也在园中对月长叹网友问她为什么深夜不睡莲声叹息貂蝉说他认为大人分忧一抱养育之恩光宇便告诉他想用连环计来出调动着貂蝉欣然允诺第2天,2
小王都太尉氏则中天子的妹夫神宗天子的父母喜爱风流人物正用得上高球便留下他当个清水,4
如今既是把病耽误到这个地位也是因由此哉以我看来这病上有三分治的吃了我这要看作是夜间睡的着觉那时又添了一分拿手了,7
二人又读20和脑膜下令中小要利用而上午空左冲右图小1只进不退不由焦躁把棒抛弃变成千百条漫天飞舞打的小妖魂飞,6
人的鞋等我说出来大众听听呀我父子两人同来我住的房仓是在外南房门口对着江面的我们已经说了忽听得稳,1
想把它立即桌面太白金星又站出来说要和纸质和说不知大小再派兵征战也不一定能胜他万岁不如风他的空头直线把它养起来不再惹事生非就行了预定就在写了甚至太尽兴趣着安猴王,6
把声音出了缠在腰间露出一生花售晃着膀子上山来两个文字远远望见拿着竹闭蓝当自身说是破了酒家要打40主必赶下山去,4
吐人言向哪三道说道大师弟子宠物不能见你了是文良为弹那人世间荣耀繁华心切莫氏的子侄孙出纯性却稍同框歼20先行到底并非凡品,7
说不瞒你说撒加元是关西经略府的提辖三拳打死镇关西这才落发为僧说说这几个小贼就是千军万马洒家也不怕他,4
这样凭空污人清白什么清白我前天亲眼见你偷了何家的书吊着打孔乙己便涨红的脸和上的青筋条条站出争辩盗窃书不能算偷窃书,0
记得还要多了14个免签国进步舞明与梵蒂冈并列26另外中国大陆则有70个免签国位列68吊车尾的是阿富汗及伊拉克尽30个国家免签,5
自身又忍不住走出山门只听山下一阵叮叮当当的打铁声随风传来便带上些银两下得山来,4
社会透明展示关闭丰溪里核试验设施的承诺希望联合国方面参观该过程且对执行情况进行核现并呼吁联合国发表宣言支持两行在4月27日签署的版本宣言,5
不一会请二位光临到人寿才起身说好讲店明天呗售后天服咽行则忍不住跳出觉到你这妖怪偷了我的袈裟开什么佛一会修走吃我一半双手举办打去,6
过了一会开上饭来我两人对坐吃过了季氏方才洗了脸换上衣服出去会那中雷西我便跟了出去散在屏风后面去看他,1
住持色空好参与被新鲜纯色多请您参与被接令使用射空门看晚灾甲丁也无心插反应天晚不得进城就在仅是葫芦,7
我觉着孩子气昏了开始前也忘了开发说吧伸手在10段叨叨了半天连半根前毛也逃不出来嘴里说欠着你的明日还你把那个堂上不肯真爱他身边认真的半文都没有,1
怎么这时候才回来死到哪里去了不管人家等你开饭期间虽然住在农村却早有些飞黄腾达的意思从他的祖父到他三大部捏出,0
角应分析器的不同分为视觉听觉味觉嗅觉触觉运动角C的角平衡觉得人类可以用感觉去感受时间改变感觉与时间应该是相对的过分使用逻辑是,3
自古道一人得道鸡犬升天高球也平步青云飞黄腾达不上半年便当上店帅府太尉,4
营养学系教授陈俊荣指出这些经过高温烹煮的食物容易产生致癌物植入使用的肩膀考了很多成年交看和使用不当的清洁剂都会增加风险的调理方式都是在那个键盘上面所做的调理清洁方式不当的话就容易产生一些像多环芳香酥,5
你11月初发现下肢麻短短一个月后病情迅速恶化确诊是急性肩椎盘突出入延迟开刀可能会有瘫痪风险无先生术后恢复良好但仍需要接受复健治疗台北医学大学副院长罗温正说他糖体的热情况造成他的一个节目受力过度以后,5
不多时两个卖唱的走进来一个是十八九岁的年轻妇人有几分动人的颜色在一个45 60岁的老头,4
李宗要去追赶自身交通说就是赶上我俩也不是他的对手索性做个人亲将来好见面,4
向北返回山东省青岛母港引起国际高度注目国防部发言人陈中吉少将中午受访表示两年后边主动向都在我方严密掌控当中请国人放心有关,5
他寄予表同情于校园的锁星自然也赞成同僚的锁不然而他能安坐在衙门中赵丽的并不一同去探寻至有人疑心他孤高,0
对的话这老和尚说明人之过去未来只是你是用什么算的不空说我只凭三寸不烂之舌万事尽之,6
大王呵呵大笑下了吗拜了下来说哥哥别来无恙自身后退一步细看时却是打虎将李忠,4
那家男人夏天了只有女人在家做好饭正要往铁里送过中还有些过吧就给8家装了一波8家群就露馅了本项正想着用什么东西药水,6
弹跳出门外马道坡无者行孙来了大怪说怎么拿了的孙行者又来个者行孙儿怪说管他呢带我拿葫芦去装它就出了洞门槛者行孙宇孙行者一模一样只是略一些,6
请问明山是太空的儿子操控也看出王静是乐高手让儿子拜王静回事后曾扬言只要他能胜过我就拜他为师太空变成有王静教训下这不知天高地厚的小子,4
你到的那几天不错是他采取了但不过到陆河县去会审意见按先后三天就回来了在10天以前你伯父又求了返还给他一个到通州看荒的差使当天放了杂志当天就病死去,1
会多了一个蓝色勾勾的符号1使脸书确定为用户本人的账号通常是长发言贤齐常常讨论串的脸书网路达人知名作家认为的政治人物或是演艺圈中的知名人的才能通过脸书验证,3
来到洞中他正要救师父师弟又见里面有一道金光和煦一看却是羊脂玉净瓶随手拿了先不救唐僧便往外走正碰见大怪要进洞忙中筋斗云走了大怪见尸横遍地忍不住放声大哭,6
后面虎背熊腰是吴俊富春任性声明坚持文台为孙子的后代他17岁时上海盗出你当上校为评判有公认为徐盛夏被尘封禁起是他去怀,2
引发动陈桥兵变薄后州地位而改源自立是为宋太祖史称北宋,3
规模式与地震波最大政府以十为底的对数并选择矩阵央100公里的距离为标准芮氏规模每增大一级释放的能量约增加31.6倍相隔二级的规模及能量相差1000倍,3
41中的银子炖其概念把银子掏出来还有书信一封笔记也是得几个字打开书信一看却是强人给史静的回书不由大喜欢忙奔往县城报关,4
他说他是农庄公斤捉小鸟雀的我与是日日盼望新年新年到润度也就到了好容易到了年末有一日母亲告诉我闰土来了,0
安敢在此耀武扬威都与赶出帐去曹操约的工作场合计贵贱夫元素曰既然公等其中一件令我当告退朝曰其可因一眼而误大事也令公孙瓒且大选择挂,2
是想成绩干掉他现在动作非常信任我我因此可以经常靠近动作我听说你有一把七星宝的我愿意借着把保道路相国府里刺杀他虽死无缘国语说到英国来有刺杀董卓的心,2
儿歌笑什么八戒说我只说老奶奶来了要吃我们原来不是老奶奶是旧话儿来了沙僧问什么话吧解说弼马温来了他弯下腰后面就翘起了猴子尾巴,6
耐心再等一年打听了几次却止不见回来我要请见国母他又不肯见其实我已经住了10多天带来的盘缠本来没有多少此时看看要用完了新交的了不得,1
枸杞宣化府儿怪5栋大砍刀单怪挥这个搭乘一起营的核战悟空悟空与三个老妖大战150合不分胜负,6
舒服给邵器不觉朦胧睡去孟子一处不便是和地方忽见那香来了一僧一道且行且弹只听到人问道你希了这群恶意欲何往南分校到你放心,7
做的老公独自一人骑机车被风吹到他很刚刚被劝导的民众赶紧上前协助,5
那虎跳开直立起来用左转往胸前一双拖下虎皮变成个妖精说我是黄蜂大王不下的先锋奉大王之命哪几个人去下酒你们是哪里来的和尚,6
西瓜有这样危险的经历我先前单知道它在水果店里出卖把了我们沙地里潮汛要来的时候就有许多跳鱼儿只是跳都有青蛙似的两个角,0
公道人来从头一看原来就是无才补天换行入是蒙茫茫大士渺渺真人吸入红尘粒径离合悲欢炎凉世态的一段故事,7
凶猛它不咬人吗有和他那走到了看见查了你件事这畜生很伶俐倒向你奔来但从胯下钻了他的皮毛是由一般的华,0
及ai应用等领域的发展并和许多国际大企业合作共同打造台湾人工智慧创新生态环境新斯科技拥有先进全球的半导体设计软体技术及App,5
而非单子模座山峰亲自食其光伏忧虑随后可立于林中窃取硫磺固定起放火烧山因此整个山区只能长出五节满着那王朝,3
就在书房里同我谈天我说起今日到香针菇桌子家被那掌柜拉着我诉说被骗的一节剂只看到人心弦造型片奶市场是这件事情我早就知道了你今日听了那掌柜的话只知道外面这些,1
不认得人吗你怎么梳怎样了我听到这句话刚才猛然想起这个人是我同窗的血有幸福民警曾表制剂之他比如长了10年和通踏童装的时候我只有八九岁啊是个大学生通了45年创意向读书多层他提醒我,1
自己宫东北角把杭州莎的大败而终弃城而逃出去与刘关张帅军演杀测试函中赵红孙中率人吗结一株菌只好退兵赵红等在读完成,2
王教头使劲说正事不答说俺也久闻其名听说他在延安抚老总经理上供了一般只为周却是小种经略上公证所爱也早知识大郎的名字你姐和我上街去吃杯酒,4
与去年病故在妇幼年纪老迈城及再生公务繁荣因此上为一级在言是一次目下不过在家温习就可以在读书已是必须有12知己为半殖场大家讨论才能进一,7
古驰说太尉大人这大天使号约需今天是性情清高住在山顶的毛安里不在本宫,4
自身后道教你认得老婆将2大王按在床边拳打脚踢打得大王直叫救命,4
分辨去2人转眼间不见了八戒温莎升级建了个假吧家当了包袱怎不抢回杀生说好多事中他孤掌难鸣八戒就让杀生保护师傅钱去花果山多包袱两个悟空打到阴山背后,6
去自笑曰未有良策既约可按时任职书与公孙瓒令进并取冀州约以加工但必心并反复无谋之辈的请将军令州市就中取是唾手可得,2
我和你只放心吃你的去我也不许他吃多了便是老太太问有我那一面命小丫鬟来让你奶奶们去也吃杯糖糖血气那里妈妈听如此说只得和众人且去吃些酒水,7
液中获取音要小姐便将一点放在一家门槛上坐着带他小姐玩了来报什哪有一年的踪影基地和请咨询的半叶至天明不见那伙企也就不敢回来建筑人便逃往他乡去了,7
没想到他不经打针打死了还要吃官司便说好小子收要装死洒家回头再跟你算账时分回住处收拾了几件衣裳将银子串在怀里亭一条短棍一溜烟的走了,4
刘备出城迎接都有连马都不下景台台边稍长刘备起来关张移动人物带来到宾馆都有南面高作让刘备战在接下过了,2
兴州大小官员迎接了次日陪同洪泰未来到龙虎山下龙虎山上清宫的住持率领众的子民众疾苦香花灯烛把红杏一行引到山上,4
并携夫人王夫人凤姐儿都吃必范数的口进了手才说要往园子里去嘉荣进来像油是说道老爷们并重为叔叔哥哥兄弟也都吃了饭了大老爷说家里有事儿老爷是不爱听信,7
然后再打吕布徐州便可到手与士元素不公孙策改发兵攻打刘备吕布将人数的大将g0汉刘备请致祭中在员们设计迫使双方和解停站约束不干,2
走一步我告诉阁下一件事看可有法子想吗我听了此话便依然坐下问是什是掌柜到我家店里与了骗子我到怎么个片法呢,1
收拾这一天却破了力他不到7点装变回家来装太太很精11为他近义词了植了大案的查看他脸上却也并不见有什么和外道韫的神情怎么了这样找一看定了他说他不及了令部,0
若有所失众人忙端上桂圆汤来侠了两口说起身着一袭人伸手与他系裤带时不觉伸手之大腿处只觉冰凉一片展示护照蒙退出手来问是怎么了,7
这是西南方飘来一朵彩云满山顶大雨纷纷有人高觉悟空悟空一看来的是笑河上弥勒佛连忙下呗说佛祖哪里去弥勒佛说我专为收小玲音的妖怪而来,6
大汉来见他问何人蹲曰此乃成留任性点名为勇力过人就跟张淼与当下人不和手刹数十人逃窜三终端出涉猎见为主路过件营收与军中,2
走了十多年暗地里一颗弹丸要了他的性命几个少年一起不重在监牢里深受一个多月的苦行几个少年怀着远至忽然踪影全无连失守,0
不出两个月哲中天子晏家归天作为天子没有太子文武百官亦商亦设立端王赵佶当了皇上就是中国历史上著名的风流天子宋徽宗,4
什么规矩所以她虽然做的总寻她那一位小姐已经上20岁的人了还没有出家雀天天跑到城隍庙里茶馆里吃茶哪位总询也不禁止他忽然一天这位小姐不见了,1
已经高不可攀了儿子屋还没有人住许多年我便与在这屋里抄古碑刻中少有人来古碑中也遇不到什么问题和主义而我的生命却居然暗暗的销售,0
近来又有一名韩星陨落无特尔出生的精明晟现年45岁日前惊传去世消息22日家属也在医院举办告别是因为没人知道他的死因到现在还有许多粉丝与他的亲朋好友对他的故事感到惊讶,5
几乎引他出来做耍正是无聊之圣修来的正庙请入小侧一谈彼此皆可消此永中说着便令人送女儿进去自与西冷雨春来自书房中,7
一个女人每人手里拿着把单子上头还用石花青轰出一个月亮来画笔是不错的旁边却连真大草的写着计时方才面的那种失我这才信呢寄之的话,1
活塞内燃机的工作过程有四个步骤进气压缩动力排气,3
台湾山脉走向大致与地质构造线一致北半部主要为东北西南走向南半部为北北西南南东走向由东向西可分为海岸中央雪山玉山阿里山等山脉,3
说了陈达被情经过杨春要请巢而出跟使劲听个死活中午沉吟良久说呢我都去也只是白白送死我有一条苦肉计若成了使镜子会放过程达若不成咱们一起完蛋,4
扭了下要找来到黑风山镇作者乎听前面芳草坡上有人说话晚上在山崖下偷看原来是三个妖魔坐在草地上上手是一个黑汉左手是一个到人右手是一个秀才,6
郑图大叫打得好辱打骂你他娘的还敢嘴硬照她眼眶又是一群把眼珠也打了出来正途忍受不住拍求饶命,4
不行来刚入四门之间做上持久之可有一人起身大笑结了出来口那说其与其欲与村忙看时此人士都中在古董杭州贸易的好能子心者就是在都相似,7
神维纳斯的儿子相对应于希腊神话的俄罗斯往往被塑造为手拿弓箭队部长一对翅膀的调皮小男孩他的渐渐深入人心会产生爱情它的营建设有人心会产生憎恶他经常无目的的瞎扯,3
悟空灵机一动心生一计来到外面变成牛魔王无恙解下今今受其上出了生产直奔翠云山芭蕉洞博唱女不辨真假迎接了假牛魔王不到了寒暄罗刹女量,6
使劲在身在做几个月巡视一时间要做三人三观差12中学这个家阅读完了站在山在路上为空中的是个方法便要去延安府投奔王静,4
房门口七个学童便一起放开喉咙嘶的面起书来他大吃一惊而多边似乎敲了一声亲只见七个头脱了小辫子在眼前晃晃得满防黑圈,0
只是和别处不同的都是当街一个曲尺形的大柜台柜里面预备则热水可以随时温州做工的人帮我办完善了工美美花似文铜钱买一碗酒这是20多年前的是现在没晚要长到什文,0
只见火把鸡枞大桶里立马廷强大帽那脱离在哪里会出来只会上付自身回茂天杀的传人撞你认得傻子,4
左勾拳原是天上七先估的浴池子要精湛的南拳仙姑在不来了辛苦也不敢惹他们可见他们有些神通悟空又问他们站此前干什么土地说洗澡一天三喜如今41过50就来,6
分量的值而非说年轻却也是他近我我进他从来没有红过脸就是一家子的长辈同辈之中除了婶子倒不用说了别人也从无不疼我的也无不和我好的正如今得了这个病,7
摔了个粉碎那么怪怪恨的咬牙切齿弄一阵狂风刮的八戒沙僧的头掩面大盛情知不妙慌忙赶回唐僧已被妖怪捉走了空架起两人说快收拾行李吗,6
你祖辈都是汉朝官今天不想想怎样报国和返校曹操回答道我不是笑什么我只是笑大家没有一个方法去刺杀董卓我虽然不怎么样但愿意砍下动作的头悬挂在成本上以答谢天下,2
小苏学士就是苏东坡的弟弟苏子油苏子油也不容得这种泼皮无赖又写一封书信把高球见到小王都太尉处,4
当下印少不像有逃命的军事报与超超超文之孤岛屿的重任就起操窃取约炮天种冰箱无复此仇不共戴天已经吸起大军起当徐州方学无恨,2
路打法两包肉馅批面打去吗到洒家就是取笑你的两包肉馅打在正涂脸上恰似下了一场肉与弄得踏入投入脑的,4
你的六大转运站当中与他接整合的车站希望能够达到公共运输无缝隙的目标屏东县长潘孟安说屏东转运站是第1个完成的分区转运中心也是屏东县绿建筑自治条例通过之后的第1座绿建筑为尽快的提供游客们便利舒适的接驳服务,5
嘉义和团运动以军事行动攻入中国的大英帝国美利坚合众国法兰西第三共和国的意志帝国俄罗斯帝国大日本帝国好兄弟国意大利王国的法国联合军队,3
问你一句话你到这里来记过嘉兴没有我说到了上海时成绩过一封到了这里却未曾骑过的知道这就是你的错了怎么十多天功夫不寄一封信回去,1
我饶了你们这山上有多少要经中神说只一个妖精就把我们害苦了还敢有多少他住在枯松见火云洞中神通广大床把我们就去烧火看门巡夜打,6
自身网传床上以作为中忽然翻上来哇啦啦了一的熏得众生都眼上鼻子,4
历史不够的他呼吁全民共同支持警察严正执法所以我们从本年度取保管划分责任区提早进入了分居里面再从列管追踪收证到少当我们的题,5
巴士海峡南海台湾海峡东海所环绕面积约3.6万平方公里为世界的38大岛屿其中7成为山地与丘陵平原则主要集中于西部沿海地形海拔变化大,3
一双翡翠镯子来到这是人家要出托的陶家三百两银子不支持得不值得请你拿到降真去姑姑家当下我答应了取过桌子出来原来这家想真是一间珠宝,1
凌霄宝殿东海龙王敖广州上一本书是孙悟空强强定海神针大闹龙宫请与的派兵擒拿接着幽冥思勤广王又上了地藏菩萨的表彰说是孙悟空大闹地府消了生死不请玉帝派兵征缴,6
火山和顿弓发五根已经生死不必引兵来攻我服并与马陵山中后骑兵半渡而击之不可轻易加约增两侧也与是令军事挂校发上撒盐操*,2
请老祖宗过来散散闷看着众人孙热闹热闹是这个意思谁知老祖宗又不肯上脸凤姐认为等王夫人开口先说道老太太昨日还说要来着呢因为晚上看着宝兄弟他们吃桃儿,7
球状后有43个人口超过1000万的大都会2050年之前全球将会有三分之二的人口居住在度是包括中并预测10年后印度德里将取代日本东京成为全国人口最多的都会目前世界人口约有55%居住在都市,5
我心惊肉跳生怕碰上要磨和狼疮好不容易劝住唐僧却见前面山坡上立一樵夫高声说兴趣的长老小心山上有诗人的很独1无糖生魂飞魄散户空忙上前打听,6
这种地上安放王98又帮他租了梵凡是动过手开过口的人都吃了饭太阳渐渐显出要落山的颜色吃过饭的人也不觉都显出要回家了颜色于是他们终于都回了加上四嫂子很值得投圈掀起了一会到居然有点平稳了,0
你的建议亲手书写圣旨一道强与香一柱清拆内外体点店前台为红杏为天使前往江西龙虎山宣请张天师行业来潮骑行文艺,4
现代医院发言人赵婷心说我姐姐,5
蚊子又听自身高校再不开门洒家将这鸟是一把火烧了只好悄悄抽出门闩,4
同时放下脸来和命带出去打20板子一面又直下宁国府对排出去说与来生和他一月一米众人听了又见凤姐美丽只是老了不敢怠慢突然的出去托人直排船,7
樊台回了子君子君就把这件事歌曲了这位中雷西德勒兹性变天天拒绝交都属的巡捕格栅哈求一个消息灵通此时那两个钱庄干事的,1
两个都头见是不好转身便走使劲赶上去正撞见李吉一刀把理及转做两段,4
父亲亲来说是唐僧的经文超出了他的王林就要到中原富贵家中转身天明大家后说了梦境对糖分感谢不仅一家人刘唐僧吃了早在拿出你俩仇谢唐僧分稳不受不亲就戴上绿茶空间送唐僧启程,6
聚合作鼓励酒家范申请工费补助戒除酒瘾的其从根本防治酒家以外的发生紧急交通队长黄峥峥表示欢绿地区最近5年总共取的16000多间酒驾案件其中2000人酒窖次数超过,5
便问一条停大师着约明宫心一并移除暴乱陆朝福佐天子是五把之功也弹珠将任书记,2
智商问双11有什么是太空说今夜老汉家女儿自身大笑说男婚女嫁人之常情有什么不了的太公说这门亲事老汉不愿意,4
吴冠中会省会生和生动逼真的描写令读者如见其人如闻其声善于描写战争场面和正丁志读描述各站是精彩绝伦如亲历其境之妙更首创单挑场面凸显五将云,3
我便起来梳洗了又将板儿教训了几句那板儿才五六岁的孩子一无所知听见带他进程工具便洗涤无不应成语是刘姥姥带他进程导致玲珑节来,7
屋子吹熄了灯躺着他一面哭一面想想那时候自己仿真绵沙宝儿坐在身边吃茴香豆等着一双小黑眼睛想了一刻便说,0
话犹未了林黛玉一角要的走了进来一见了宝玉便笑道哎哟嚯来得不巧了宝玉的忙起生效让座保存孝道这话怎么说黛玉笑道早知他来我就不来了宝才到我跟,7
光阴荏苒找到了八月中秋时晋要跟三人饮酒上月31日派专科王四上山相约租屋写了会议书上他四五两银子请他吃了10多万久,4
鲁智深在寺里过了15个月转眼到了初中就近似动走出山门来到半山亭上多聚不曾吃酒心中好不烦闷,4
明天才明白我也在其中混了多年打嗝正管这家务妹子恰恰死了他未必不和在饭菜办案给我们吃我未必无意之中不吃了我妹子的几片肉,0
鬼混了几天忽然一天同了两个人来要看那与佛花瓶如意我们取出来给他看他看了说是通南京城里找不出这东西来赞赏了半天便问价钱我们一个伙计见他这么中意就有心痛,1
正说着只见香菱笑嘻嘻的走来周瑞家的便拉了他的手细细的看了一会影响金钏笑道到好的模样竟有些像咱们东福李荣大*奶的品格金钏笑道我也是这么说呢周锐,7
凡未来将在全市范围内禁止使用一次性塑料吸管还是平安指出一次性塑料吸管很难分解76海洋每年会造成10万只海洋生物死亡如果不禁止2050年大海的塑料吸管数量将超过鱼类,5
想见的一份到有些愕然了但也就沉浸下来我想还不如去清理吧这算什么呢看着她的脸说我不去这是关凤不是上前赵丽颖,0
放车静静地立在地上黑沉沉的灯光照着宝儿的脸绯红的大一点心禅寺嫂子心里计算神仙也求过了缘心也许过了单方也吃过了要是还,0
美国在台协会是美国国务院根据台湾关系法并依据哥伦比亚特区法律所设置的民间非营利组织的功能是为了因应美国与台湾治理当局没有邦交以及美国政府的一个中国政策等因素,3
不管我们石英间的阎王老子却能管着我们总有一天会因年老血衰而死一个通臂猿站出来说大王只有神仙佛不归阎王管与天地同寿要想躲过轮回,6
对你这景物是海军多次和家属商谈赔偿事宜知识谈不拢直到上个月初双方达成共识海军司令部将赔偿黄姓船长父亲配偶和三民子女包括船只损失劳动力减损和精神慰抚金等费用一共3484万元率超过5000000虚报警情,5
台湾最受欢迎的运动被称为国球在日治时期由日本引进1992年夏季奥林匹克运动会棒球比赛获得银牌1990年中华职棒成立台湾成为继日本和韩国之后亚洲第3个拥有职业棒球联盟的国家,3
也不再相难说出真实身份开工大喜说怪不得你51这么高强原来是有名的教头这里是陕西华阴县远离京师你就宽心住下吧,4
哪儿大王以吃的有七八分醉了问我机子怎么不出来太公说他怕收不敢出来请大王吃几杯2大王吃了几杯酒要去见压寨夫人,4
从实际应用可以让医师术目前有更完整的手术评估缩短手术时间及减少出血量达到更好的治疗效果未能提供国内临床医师自主开发高价医疗产品,5
印度的一对这是他15年的职业生涯中第12次入选NBA的一对超越了湖人传奇巨星小飞侠科比布莱恩的11次证明了他是当今NBA第一人毫无疑问的地位,3
两个牌均在与缪煮好猪头三牲左等右等不见王进到来便回家去找谁只是铁将军把门相邻居打听谁也不知王进母子去向,4
在上海南是南边开了个大钱庄看见他老实就用了他做个跑接我不懂得跑节是个什么直射先要问明己知道跑结识到外面收藏的意思有什到外面打听行情送送单子也是他的事,1
唐僧为你肯归一吗不仅说地址盟菩萨券化权访民杀悟净怎能不归食谱三藏郎虎空曲家都给乌禁替了头见他真像个和尚就给他取混凝沙和尚,6
有21所高中职办理完全免试入学招生但考2学区封闭性未来是否有潜力发展成区域性学校等条件最后有包括新北市金山高中双细高中花莲县广府山公寓里高中读高中高雄六个高中的数校今年将采取完全免试入学,5
你们在这里小心着我家里去挖了衣服就来悄悄的回忆太太别人他的心都给他吃说着店家去了这里是还有30个牌子都是不关痛痒的症比妈妈,7
谈的是一个老朋友精心一张手贴大皮夹放在课桌上脱下长山对面坐下了因为怕狗似乎心放在通风的跳动你吵了这些有什么用有一夜他翻着我那古碑的钞本发了演奏的只问了没有什么用那么你吵它是什么意思呢没有什么意思,0
当选错进来爱说差不多这一句话几乎成了口头禅寺的而且不但说的确也盘踞在他脑里了他最初说的是都一样后来大约觉得欠,0
设银行轮番向美猴王献花敬酒同11日随后猴子们则来枯木手珠边那个法子又在法上对了许多国品给侯王当干粮美猴王春开发子飘入茫茫大海恰逢顺风,6
预防冠军工商城打说明天我就去淮阴县家良看他如何阳春说去华阴县家良区从石家庄路过九纹龙史进不是好惹的还是去浦城家良为好,4
我忍不住便放声大笑起来十分快活自己晓得这笑声里面有的是一种和正气死老头子和大哥都失了色被我这勇气正气镇压住了,0
陈同你说些什么我说并未说什么他问我讨注意我说没有注意由顿足道你叫他同我商量呀他是个素不相识的人,1
信是早收到了我实在喜欢的不得了知道了你回来闰土说啊你真的这样可泣起来你们先前不是哥的称呼吗还是照旧迅哥你,0
教他教与佛台副台见他图形图状的又有某王爷的性较好好的照应他这副台市各级圆通的人虽然一心他却不肯去看问他因,1
单不过的女子滤波乃泰熙心腹猛将演泰式若就此机会以单四步不敢大恩B1死爆太子太师请致丧失作成营养九曰汝言亦是我当时只,2
总部信所有的事情也教了东方渐渐发白窗缝里头进了银白色的曙光明白的曙光又渐渐显出非红太阳光接着照到无其事,0
政府正看伙计们卖肉键入打进来忙招呼提下关人员要买肉鲁达说酒家凤小种经略相公的命令买十斤斤肉不许带一丁点肥的细细切成肉馅,4
当然下你成为要吃人肚里是着揭幕空子又吃的是山桃松子肚里是亲戚让他都不空就嘴对嘴给国王度乐器不一会儿国王和过来他起身就磕头拜谢救命之恩,6
又派人接回刘备让他驻扎小裴元素没有除掉刘备总觉放心不下一天江东孙策来索取了科比亚在元素手上的传国玉玺园树一面回信推脱一面罩及属下文武商量对策,2
英语三人见过李英九上月正式的高兴和定位面一阵呐喊我宝轮换实际大金在墙上靠一张梯子上去一看只见华彬县县委大的两个都头只会给百官军把专业为了个水泄不通,4
东京开封府有一个破落户子的性高排行的儿子又不务正业好使枪棒踢得一脚好气球人们都称他高球,4
感觉是主子杀了又不见了袈裟怎么好不空把所有和尚的箱子收了一遍也没找到吃了唐僧吧颈骨中一人念了10多遍谈到行着满地打滚求比念别念让我去行家杀,6
想往外散步消遣又恐怕在热闹的地方遇见那真族朋友质量不如往城里去逛逛到还清净些碎信步走到一庙豫园游玩一番然后出成正走到,1
今天母亲也说好而且行李也略以及其目的不便搬运的也小半卖去了只是收不起钱来你休息一两天去拜望亲戚本家一回,0
四大部洲各种身临的来历的听江而贴的细听片刻悄声对地藏王说虽然以听出要写来历却不敢说破地藏王问为什么不能说破的听说那么写与大乘法律相同的福利住大圣情,6
实际上生存打次的隔空撞入使进怀中使劲一伸手将成打夹起扔在地上种庄客一涌而上把城打榜了摆10名楼了一哄而散,4
鞍山岩珊瑚礁岛由珊瑚礁组成多分布于云南部海域包括小琉球七星岩路连岛和平岛中山择与铜牌与圆与台湾岛分类银行间和平桥相连,3
要时举办公投不能贸然审查和民党立委口文集书中是最后会议主席由美女都用表决否决,5
中这句话我不便直说出来只好心里暗暗好笑虽然那中未毕竟是如此一看即知他见我穷途之路便留我在此居住区分热诚这不是谷一,1
这猴头十分无利害我霜的着实可恶的对吗你这般模拟一个妖精的性命舍不得我师父师的脸白马寺条命被你们无不抓来我心何忍少废话快把他们送出来多贴些盘缠扰了你的狗命,6
即使一早坐到业能够养活你们吗况且我肚子里也没有这许多文章那么过了结怎么办呢过了解吗人就做官明天店家来要钱你只要说出发的下午,0
悟空不该连上人民又无法为她取笑哭了之后掐指一算说你是不是请客就有13升级难不久之后来群里你就在我这里住几天带我跟他说说还叫你把他去西天取经无孔不敢造次就留在普陀山,6
新增一盒几番却又眼看着凤姐出生了凤姐数字最喜懒失败后卖弄才断震荡交投档也因为办过婚山大是恐龙还不府发布的预见这是今日间矫正如此一来他心中早已欢喜,7
足足耽搁了四个月到了年底方才负责令究称的轮船回家乡去其实则是暗藏过了残冬青年初4 5日我伯父便动身回南京去了,1
网上说那上手做的就是我师傅那怪跪地叩头说师傅的只是引导致师傅住我丈人家我早就来呗你了三藏说不空这么为什么办我悟空说呆子你说那会就把菩萨券化的是说一遍,6
相信纸来写了收到来信一见此照物公馆收调13个字给哪来人带去歇了1点多钟那来人又将收条送回来说是既然吴老爷不在家可将那封信发回待我们,1
减少了挂便需专靠着自己的一双手房出棉纱来养活他自己和她三岁的儿子所以说的也是这几天确保没有长沙的声音了但业生没有说的既然只有两家之禅寺早的加油声音变这样只有老公们听到没有声音也只有劳动能听到,0
二人几近一看是个使枪棒卖膏药的使劲细辨认出是他开手的师傅江湖上人称打虎将李忠,4
别的和尚来劝时自身扔下狗肉照着四五个光脑壳一阵乱打重生被打不过取出一般要来个集体大奔跑谁也禁止不了,4
要让大家去找台八戒不去唐僧不让恶人多数与女光圈里来到正厅坐下吃吧插曲有关文莱等观看了之唐僧是天朝芹菜被加控件右键功能上只写有唐僧人法号请教务工商人姓名片上曹启奏,6
我看了不认识了吗我还抱过你咧我越加恶啉了心而我的母亲也就进来从旁说他多年出门动忘却了你该记得8点向着我说,0
中国在山东的权益转让日本从而引发了以学生为主的爱国运动45运动又称第1次天安门事件只1976年4月5日清明节后的第1天超过百万群众聚集与天安门广场悼念已故,3
曲靖江城打哪进装绑在大厅中柱子上只戴拿了另两个贼首姐去见李情上,4
徐阳今天是说常言说一物降一物也许就有天降片能想他不空说之后领域的敌人情就请派托塔李天王玉罗刹三太子住我下家想要,6
富人说我也不嫌丑只怕小女友谢贤大家说我虽丑却有能耐会呼风唤雨跟的不用牛夫人说你去跟你师父商量我去跟女儿说说大家也不放吗又迁回来,6
我的伯父拿起来一看对这张鼎丞说道这才是吴家千里君了最富稳居然是大大方方的其公司马一点也没有弄错顶层看着我笑了一笑并不讳言不服又指责服帖,1
林的是我的大哥他也是任何以毫不害怕而且合伙吃我呢还是历来惯了不以为非那还是藏了良心明知故犯那我诅咒吃人的人先从他起头要去转吃人的人也先从他下手其实这种道理到了现在他们也该早移动的,0
是说闰土哥你来了我接着便由许多话想要连珠一般涌出教机票元贝壳查但又总觉得被什么挡着似的单在哪里面回事,0
图片里面丢下了百十来个空箱和家们也走的也都没有银装上的人吃一大惊连忙道会审公堂去控告又出了上格上了新闻直告白想去捉他这却是大,1
双门上了残障跟庄可说要借宿一夜砖刻不容置身大陆正耀发作一位六旬老手走出来问你们那什么装可说这和上要打我们,4
2大王趁乱逃出去上了吗逃出装门大妈刘太公老驴不怕你飞了向山上逃去,4
帅哪吒为三潭海会大声李靖父子连几天并命巨灵神为先锋与杜强电后要差将督促并拿出了南天门来到花果山楂下赢在命巨灵神去挑战,6
骑马步兵17万向南进发元素只是坚守不出要带曹军粮尽自己退去朝军人多粮草渐渐不够冰是怨声四起曹操决定退兵但未平息众怒点杀了2官网并稳定了军心,2
那不叫你见过真否去的论理人来克制回话却不与我相干我们这里都是各占一支而我们男的直管春秋两季的卒子闲时只带着小爷们出门子就完了,7
记录子这是什么香宝猜想了又想笑道是啊是我早起吃了碗要的香气宝玉笑道这么晚要这么好玩好姐姐给我一碗常常保持笑道又会闹了一个药也是混吃的,7
卢俊秀早命农村秀被二人说下屈指算形成该到何处不知不觉已交三股平而已睡熟了凤姐方决心眼为蒙恍惚之间情是从外走了进来含笑,7
你怎么敢去观看若不是老汉看见你岂不被做功的拿了鲁达说你们走后我找那阵图纸三拳便打死了它你如何也在这里,4
黄巾军退走遍影军返回广州半途中忽见一只均码押的囚车而来上前一看车中犯人竟是如此慌忙下马询问原因才明白左峰因如此外奉送经营便在皇帝面前时,2
要听晚到一座庄园投诉专属钛弓盛情接待说此处是西方哈密和唇妆人都姓否他见白龙马没有安排就送上衣服就送了一条虎机吗边四试试图登城转身不见了装院唐僧只是山神土地显灵联盟里外,6
查看莫里斯麦当劳兄弟在美国圣贝纳迪诺创立近日麦当劳餐厅前身1948年引入快速服务系统首创为快餐原则1955年4月15日行政总裁韦克洛克,3
他被世界上的绝大多数网站所使用也被世界主流浏览器资源JavaScript是一门基于原型还是先行的语言是一门多范式的语言它支援物件导向编程指定是,3
Q大于A大于10大于九大于八大于七大于六大于54大于三后比花色台湾大儿玩法黑陶大宇红心大于零行大余梅花,3
你也不必着急我今天见了翻台他说此的大官的差时前任委员已经满了齐了打算要叫我结伴大约一两天就可以下载自我那里左右要请朋友你就可以解,1
在于鲁达西手进了草堂请鲁达上做病人杀机在哪款待鲁达鲁达在装上住了六七天每日里和赵员外说些枪法语一到也投机,4
把唐僧慈悲的命只是说了一遍三个魔头上一送唐僧大无儿无惧口服心服只有三无故佛说出一条顿骑来大无儿无间此既高明又变了挂便命令小要依计行事,6
为宋林人口骑车不想如今后被人口繁盛其中贫富不依和性情参汤有哪家业艰难安分的便住在这里了有那上排场有前世的只说这里不方便一定另外和村庄和尼安寻个下处,7
卓尔山羊猴子兄弟老三来求我见拿了1500两银子送到我家里你知道咱们都是老乡与不知怎么样看着他爷爷的份上胡乱应了还剩了一个缺谁知用心洁度是冯胖子来求药,7
洪兴口中天尊宝号独自登山发了两三个山头走了约有二三里路已经脚酸腿软心中有些不快,4
两人便来到吕伯奢的家里见到吕伯奢与薄收对曹操说我听说你的父亲已经逃往成留了今天晚上你们两个可以在这里住一晚上说完便对成功说我去西村那边塞酒来给你们喝等我回来,2
求得出血结巴根据国家数2011年调查糖尿病视网膜病变盛行率大约26.5%也就是大约每三到四个糖友就有一位并发视网膜病变早期通常不会有任何症状等到眼前出现浮动的黑点视力下降时病变已经对势力,5
没意思或者因为向来未曾见过也未可知己知道这又给了你们自己一家人为什没有见过我到家不是在北京长大的,1
幼儿服饰企人力能可保长的但如今能与荣始筹划下将来摔死的事业亦可谓常保养权了即如今日都是都妥只有两件未妥若把此事如此一行则日后可保永全了,7
悟空摇身一变变作只红蜻蜓飞出去待子签证码转到后门接那妇人与三个女儿正在门外看菊花,6
10年是绝不看的因为没有看戏的意思和金会那两维权在后10年然而都没有看出什么来就走了第1回是民国元年我初到北京的时候当时一个朋友,0
慌忙赶来鲁达气愤的说你小子怎么叫人在隔壁啼哭脚乱我的胸吃99宝说官人喜怒啼哭的是卖唱的父女俩因没卖到前啼哭鲁达说你把它们唤来,4
在约你女婿是谁抱约旅不是也非大怒曰我本不语打你你把女不来吓我我偏要打你我打你便是吕布诸人劝不住将仇报编制50种人苦苦告饶防止,2
取下午停电有网友在PTT上留言在台北市天龙国上班胸胸萤幕黑掉办公室一片哀嚎剧是福祉出停电区仅限于光复南路一带供436护理服务店检是短时间跳电原因仍待查,5
头城刘太守张淼去了陶谦打不过曹操情愿自行捆绑前往操音请罪故数民族主张向北海恐龙青州田凯球员陶谦听从了民族的意见太陈登到青州尼族区裴海球员,2
所有运算工作即使是一部简单的伺服器系统至少就有两颗中央处理器同时工作20世纪90年代之后再电话数据集m1a1m技术成熟后由载平的电话拨接升级为宽频资料只代表网路新时代来临,3
愿意识框又有美中不足好事多磨八个字紧相连数瞬息间则又了即非身人非雾换究竟是到头一梦幻境归空倒不如不去的好,7
用同一分类a类含碳可燃固体制和景如牧草纸张塑胶橡胶的类可燃气体只和景如汽油柴油油机油酒精,3
则可能强大学23度中央气象局预报员协会员说还过年假期的前半段也就是今天出去一直到初二这段时间各地的天气都是晴朗稳定气温上也是一天比一天还要回暖所以相当适合外出走村儿到了出生之后随着都没积分卡,5
行者八戒赶上老虎行者一棒打下站着守誊八戒又是一耙耙耙也谈起来却事实上盖着一张和皮肤空大金说不好我们中了金蝉脱壳计了,6
非正在楼上功率报李儒子的大金如一震九俸的地问何故如约春日融和动向国,2
菜油不干动作大怒让人对蔡邕说道你要是不来我就干掉你全家采用畏惧他只得上任董卓见到太阳后大喜才有一个月就生气了三次最后成为了四中,2
然而从得要一个人在识君那里说句把话所以凤求老哥被兄弟在仿佛跟前申诉申诉求方我好歹毒我说句好话这事就容易办了既知道,1
自身文得肉香寻到后面筋骨一看顿这一条狗取出银子买来半只狗店家搞些蒜泥与他交狗肉吃,4
在丛林中与您福仙女们游玩时大的突然裂开冥王黑帝斯趁机把它理解走了博士分的伯父黑丽丝早就爱上了他在宙斯的默许和帮助下才实行了此次计划,3
这几天我大哥的作为变阻客户出89分了最好是解下1代化在两上自己精尽而死他们没有杀人的罪名就长了新乐自然都欢天喜地的发出一种恶业业的笑声否则今夏忧愁死了虽则略瘦也还可以收更起下,0
来到河洲为这里是大堂和西域的边界越走越荒凉你是深秋天气及教的早是天堂森听见鸡叫就起身赶路只有四根走了几十里山路越来越崎岖正害怕连任代码都的路线坑五六个小约赶来将人马都作了,6
平安命特来香和玄德逊县只见张飞车间上瘾要杀吕布选得慌忙阻住不大金约一的何故只要杀我张飞叫约曹操到你是无义之人叫我哥哥吧你选,2
90余年来河清海晏天下太平谁撩了几杯身仁宗嘉佑三年春江南瘟疫流行不久便传至东西二经,4
血肉之躯所以博尔修斯受到雅典娜翰赫尔墨斯的指点才成功砍下他的头颅并杀死他布尔修斯将美杜莎的头颅装在特制的皮囊中随后飞上天空好走了在天空中还遭遇狂风在经过利比亚,3
是肯不肯收纳董着欣喜若狂在三感谢王允便派人将貂蝉连夜送到董卓府上貂蝉进行服饰董足百般讨董卓的欢心但一见吕布却连连魔眼泪吕布心如刀割心里恨透了董卓,2
你的名字是日本动画家新海诚编辑预知道于2016年8月26日在日本首映的动画电影,3
次日一早两人正想离去却被小儿拦下路打赶来的而光把小2打个筋斗满嘴流血吐出两颗断崖来,4
不听从成功的计谋早做埋伏朝军又百草茶被吕布追赶无法脱身急得大声呼救正在危急时刻夏侯领一队援军赶到协助理部长痘站到黄昏时分忽然下起大雨双方各自收兵回营,2
少年将军面如冠员演若留心和体圆B标负郎要手执长枪坐骑骏马从正中飞出原来那强及马腾之子马超之梦绮年方17岁英勇无敌,2
叫宋克压的医生开了大门我不觉立定了脚抬头往门里看直接有四五个家人打扮的在那里垂手站班里面走出一个可来生的出没大梦身上穿了一件灰色大步的长衫罩上一件天青,1
宏信证要钱行忽听一阵悠扬的笛声由远而近抬头看时却是一个大同到其一头黄牛行吹一管铁的转过山区来,4
两个进去凤姐洗了手换衣服都会吐问他们换不换宝玉不换只得把了加夏普复们将带着行路的茶壶茶杯时警惕和各样小时端来凤姐等吃过茶待他们收拾完,7
正待遇未知的一第2名的德国新加坡享有188个免签国第3名的芬兰法国意大利南韩西班牙瑞典可免签186国,5
老毛那问是谁师的和一个小要说大王看来是偷影节在的贼人干的老磨恍然大悟说怪不得跳蚤连咬我俩口令是悟空那谁来偷我宝贝不存就偷了兵器火龙,6
能上阵对的是个老头走过来两个是红屁股吗后两个是通臂猿猴说东方二百里就是奥莱国国中必有铁匠大网可以去买些兵器来教我们使用保为山寨悟空一个,6
是最好不然就放在店里寄卖也好我们到中火机就问他是什么东西他就拿出来看是一尊佛却有一只五六寸高还有一对白玉花瓶一只玉湘西北侧如一个班子这几件东西叫我们去看点不,1
公孙瓒数解三五千人们随后便来容约工切勿失信玄德曰公已被为何如人也乘人员自古皆由此人无信不立刘备借德军破解不得军必然情志,2
清洁剂知道这是前两年的是近两年制裁得的心神仿佛的病年轻的时候本来是好走的道路进入大联系他那时78401太太还有67房那苍茫的丫头都不还不在那呢他只好色的明出了就能想拿这个巴结他,7
基金一手捏着象牙嘴白童读60多场的湘妃竹烟管低着头慢慢的走来坐在矮凳上陆军也称是流出坐在他身边叫他爹爹迄今没有另一大,0
天王是什中天子的第11子则中天子的的地址长东宫还好久大王琴棋书画吹弹歌舞踢球打弹无所不精,4
空山上锦衣戴上花帽唐僧就念起金箍咒来悟空只觉头疼倒在地上只打混乱扯紧箍儿唐僧泡他扯断了就住口不念不空头不疼了就取出榜来往外翘孤儿,6
可以选择宽不养生过类似一汤匙的沙场将热量就108大卡在大吃大喝之后别忘了展开普救行动我们大家都知道除了做梦开车运动来消耗泄漏量之外的话这种们可以用代餐的方式大餐过敏性咳其实就是取代,5
你等见秋色不成便捷和十几万人马杀向长安吕布的地不住要往与一同逃走往远不愿意履不变自己投靠袁术去了李国市的兵马杀入金城江皇宫重重包围大成恐慌只好请见,2
压力太大期间地下钱庄10多万元每天被高利贷追着跑去年11月间内心男子事先带着棉织手套道路铺垫按摩消费结果竟趁机从后方攻击老板娘头部尽管被害人求饶联系男子还持续攻击并用吹风机电线类会被害人之后抢走店内30000元,5
立法加强光环路参与六配促进两岸青年交流会吃点岸经贸往来稳健有续强化服务台商等四项内容而在两岸互动新模式部分张小月表示将掌握大陆情势变化也理应应对策应美国川普总统即将上任的,5
发商Orange集团向美国德拉瓦联邦地区法院控告宏达电焊其美国子公司指控对方侵犯五项行动通讯专利权包括数据传输错误检查看行动设备数据储存相关专利,5
但他在我们店礼品性却比别人都好就是从不拖欠虽然间没没有现钱暂时寄在粉板上弹不出一月定然还清从本本上是去了孔乙己的,0
在长达86页的报告中脸书公布今年首季删除816县580万则贴文大部分是勒索文章鱼露露影像暴力仇恨言论和恐怖主义相关的天文仅占少数此外,5
是背地里这种东西似乎连人要吃饭饭要你做你要钱买这一点粗浅事情都不知道对了没有钱怎么买米没有米怎么煮她两颊都不起来了,0
对手又少了一个更加骄横产报一次宴请百官并将投向他的士兵是上百人当堂弹断手术割掉耳朵挖出演出用大锅炖煮白关下的直打哆嗦连筷子里也不会拿了动作却好像什么事情也没有发生一样,2
老太太道大哥往常总说你聪明的和将来不可限量的因此我也时常记挂着自从你大哥进京之后你总没有到我家去你进了学没有呀我说没有,1
驯兽师傅多次不见李钟硕图钉怎么来到这里主要说的是十大郎的师傅也跟男一同吃几倍,4
你不要来挑战北平太守公孙瓒大怒英战吕布没几个回合便败下阵来张非接触吕布连战50回合不分胜负关于见张飞不能取胜便上前来助战刘备建两个弟弟战不下吕布,2
董太后听后大喜第2天早晨时动态后亲自主持朝政船只疯狂子刘协为陈留王峰记的哥哥总重为骠骑将军并让张亮帮他处理朝政王的流,2
进一箱高雄市桃园区及嘉义县阿里山乡交界处位于玉山国家公园中日至17时应日本人发现与山比日本本土的富士山还要高于10倍,3
大家就将不仅会来杀声赶来说原来是人参果无空说你吃过杀生说没吃过却见海外神仙给王母祝寿县过兹堡三人一人一个分了,6
也是九月初三日400000的二爷带了林姑娘同宋林姑姥爷的林到苏州大约在年底就回来了二爷打发小的来报个信请安讨老太太是像还雀巢奶奶家里好觉把大毛衣服带几件,7
朝统一天下后北方的外祖威胁较大有胸农公和娱乐室等其中以匈奴最为强盛,3
第二日我便要他不鸟他说这不能需大雪下了才好我们沙地上下了雪我扫出1块空地来用短棒支起一个大竹匾撒下秕谷看鸟,0
不说老三本想一棒打死你又无人给予的了而鲍兴你看我这7号他要如此风我就罢了不然的话老孙就反上凌霄宝殿叫他做不成龙床巨灵神台头一看那高耸入云的旗杆上,6
里面不变出来逛逛这回我过上海15然看见一见其是如今出发着了我才记起来那天我因为出来技嘉兴顺路走到一家茶馆去看看只见那吃茶的人男女混杂项略并做的,1
男的强烈不满就会员退方案上路后老教师不能退新教师进不来将葱及教学现场新北市教育产业工会副理事长里面里说117年的为退休年龄为60岁但是必须等到65岁才可以开始吃领退休金,5
政府忍无可忍说你不是来买肉的是故意取笑我的路打法两包肉馅劈面打去吗到洒家就是取笑你的,4
希腊位于欧洲亚洲和非洲的十字路口战略地位重要其位于巴尔干半岛三个国家的南端的贝林阿尔巴尼亚北部邻马其顿共和国汉保加利亚东北领土耳其,3
汉族在华北地区建立数十个强弱不等大小各异的证券其中存在时间较长及具有重大影响力的有五胡十六国五胡乱华破坏了中原的政权和经济架构但也是北方游牧民族与汉的汉,3
佛罗里达州南段所形成的三角形韩语句称经常发生超自然现象及违反物理定律的事件面积约116万平方公里但是百慕大三角所谓神秘的说法并没有得到科学界的广泛认同,3
95年大清帝国与甲午战争战败将台湾割让给日本台北人作为日本同理台湾的政治中心,3
两包肉馅打在正涂脸上下是下了一场肉与弄得他肉头肉脑的他不由大路抓过一把剃骨尖刀跳到街上说有种的过来,4
廖华雄却自告奋勇要当先锋董卓建华雄生的威武边不给他马步兵五万令他前往四水观音的孙坚不将程普交战中杀的话松富强胡轸孙坚指挥人吗,2
你那里懂的我这个是大西洋红毛法兰西来的上好龙井茶只要这么三四天就够了要是多泡了几天要闹到沉眠不想喝茶呢堂上的人只好同她抱上了,1
宝剑试炼魔的单子是上火的绳子是我数要的两个怪一个是看金炉的童子一个是看印度的统治他俩偷了宝贝斯下凡间被你拿了得了攻击,6
精灵王佳联络中的20年前他们看成你们还好如今自然是你们那饮食的不肯屈服就他故事缘起来想当初我和女儿还去过一朝他家的二小姐找死想会会大人的到,7
宝玉看的人不解电又指了再去取政策看只见头一页上变化这两株枯木木上选择一围与大又有一堆雪雪下一股金簪,7
已经发了下来大约半个月那我就要到差我想吃你做一个舒淇因为别的是你未曾办过你且将这些我还在帐房一起上挂上你一个名字那帐房虽是烦,1
军事制度源自秦国商鞅变法的基础上发展起来秦始皇兼任太尉一掌控军权,3
众神变成个老道敲着于骨迎上前去不多时小要来到悟空暗中把棒一声量小1半个倒栽葱爬起来说你真无理要不是我家大王敬重道人饶不了你,6
11人一颗孩子吃完豆仍然不散眼睛都望着碟子同一起着了欢伸开五指将碟子罩住弯腰下去说道不多了我已经不多了直起身又看一看,0
我到如此说那的是没有这风气的了数能到内地何尝没有从前上海城里也是一般的女子们上茶馆的上酒楼的后来被视为中旬进觉了,1
来纪念耶稣降生的节日西方基督教通常将此节日定于12月25日不认同耶稣为顺人或是为了政治正确的组群则称之为圣诞节一为耶稣诞辰日,3
态生两靥之愁娇袭一身之病泪光点点娇喘微为闲静时如姣花照水行动处似弱柳扶风心较比干多一窍病如西子胜三分,7
维加泰隆尼亚伊比利半岛欧洲乃至全球最成功和最受欢迎的体育俱乐部之一主场看诺普体育场可容纳将近10万名观众是全欧洲最大的世界第3大的足球场,3
一任的主张德勒将和示数其前进的得了反对是初起奋斗的独有叫喊声任中和珅人并无反应既非赞同也无法对如置身毫无边际的荒原和可错受得了这是怎样的悲哀和无疑是一无所感到者为寂寞,0
一些并与村变相托有利无了进去且做安生之祭庙在只一个女学生病两个半毒丫鬟着女学生年幼小身体又急却若功课不见多寡故事分省力,7
自身跟长老来到方丈长老安排受伤的人自去修养又写书信告知赵员外让他修理半山亭金刚,4
两人行了树里终于找到了客栈投诉喂饱了吗曹操先说了成功想到我以为曹操是一个好人没想到竟然是这样的狠心之徒如果留着一定是大祸患便把剑想干掉曹操,2
我们就拜他为王时候挺身而出把眼一闭跳进瀑布里面却没有水有一座铁板桥过了桥有一个山洞洞口立有一通石碑上刻花果山福地水帘洞洞天进了动力,6
娘娘他又不认识我拿上一件他心爱之物他才会相信我国王说他原来大有一双黄金宝穿衣那天是端午晚上要拴五色丝线就取下来收藏在梳妆盒中,6
网站宣称允许用户免费注册且完全并永远免费用户可建立自己的个人资讯及联络页面其中包括相片及个人喜好与兴趣的用户之间也可以进行公开聊天留言或私下留言用户还,3
当光之镜当光只怕不能够这么样了这只笑道兄弟的主持日子钱哪里知道的许多南极人是最会摆架子的尊师重道怎么样还是要摆着穷家子有一个,1
刚申请了一位奇怪走过去看看其人喝的那碗茶碗里间飘着三次片茶叶就是平常吃的相片查那一碗泡茶的水没说没有红色连黄也不曾黄的黄金时已晚,1
见她忙喊大家仔细剖单贼又来了悟空吃了李笑的说老倌儿烦我干什么老孙不干那事了,6
空问你家住哪里姓甚名谁要听说我家住福林山云战斗以相貌为信叫朱刚烈和自由本是怕他什么法师,6
等了几日大盘涨价高达好几了禅杖配了刀削带上两件兵器直奔东京,4
从任何一种资料中建立小的数字指纹的方法杂凑还是把信息和资料压缩成摘要使得资料量变小将资料的格式固定下来该还是将资料打乱混合重新建立一个叫做杂凑值的值,3
与大约约是无知己房也会以为行军司马其直寻优子宫打海那名是成败黄门侍郎后弃官归乡金与其俗同投曹操操以为行军教授,2
鲁达大妈黑儿子说是哪个镇大官人却是杀猪的正途也敢如此欺负人她又最使劲李忠说你们两个心等着带我去打死那家伙,4
当下叉国语测贾母命两个老妈妈带了黛玉去见两个母就此时假设只需形势猛一起生效回到我带了外甥女过去倒也便宜贾母校到正是那你也去吧不必过来了,7
王代表太阳小王代表月亮其余52张牌代表一年中的52个星期红桃方块梅花黑桃四种花色分别象征着春夏秋冬四个季节每种花色有十三章代表每个季节有13个星期,3
两个人七歪八邪的笑着急着走去禅寺早早睡着了劳工们也走了咸亨也关上了门这时的鲁镇便完全落在基金里只有南岸区乐瑞想变成明天确认在这几季里奔波另有几条狗也躲在暗地里呜呜叫,0
有什么品质呢此时那个人嘴里打着湖南话在那里网吧姚子的乱码我细看她的行李除了一箱之外还有一个大帽和都年浙江苏及补现正常的封条板壁上挂着一,1
请这回总不能再含含混混的了因此又割下的笔顺手取过一叠新闻起来这是上海寄来的上海此时只有两种新闻题一种是申报一种是子林虎豹,1
浅而又切终于逼得先前比伯校园要钱的好官也很有给元华为锁心大会里的饶强了没有几种日报上却很发了些比伯讥笑他们的文字吧,0
表台北暗杀星脱颖而出击败韩国与欧洲等强队勇夺世界冠军为了参与2013年亚洲室内运动会台湾组成中华电子竞技大的对着下13面奖牌但是电子经纪人未受到政府重视,3
无尽日肉颤心惊恐非急躁着约将为国母起步与有金榜最慈母而形菱形为貂蝉约无为天子当例如韦贵妃貂蝉已明知就里甲做欢喜拜谢,2
Google微笑着说今日天晚了你先回去不要露了马脚但明天老孙进程做了妖怪为你父王报仇雪恨,6
有一个长嘴大了的和尚坐在林子里只是不见昨天那猫眼和尚老要说想来是被风吹死了重要说别是他请教并去了老要说什么神兵我也不怕除了灵吉菩萨都不是我的对手,6
且其营养价值高在临床研究中凤梨蛋白质消化酶的提取物如凤梨蛋白酶一称凤梨酵素被证实是有效的抗肿瘤药剂不仅,5
轻的问道小轩你好些吗你能就只是杜克包好包好康大树撇了小山一节仍然回过脸对众人说下三爷真是乖觉要是他不先告关联他满门抄,0
用起来是个鸳鸯拐将球踢还端王端文件此人手脚不烦问明是姐夫派来的亲随定要让高球下场踢几脚,4
你好一点着火不空吹了口气便作狂风力时烈焰腾空金蛇狂舞大火蔓延开来把一座观音乐烧成一片火海和尚们就不下来慌的扮相太贵想捉端过叫苦连天,6
中途的亲属抢救了半天也没把正途就和变到知府衙门告状之父寻思鲁达是老总金烈相公的爱将不能随便逮捕他,4
上个月中秋还跟着老太太太太们玩了半夜回家来好好的闹了儿时候一日比一日较南也让人大吃东西这将近有半个多月了近期有两个月没来询问接着说道别是洗吧,7
13新小说舍走到虹口红绿日本邮便局买了有税票粘上胶带明白翻身就走一直走到深山穷谷之中学无人烟之地陨石龟与兔子游去了,1
故事情成功有被救失掉一个帮手事情不成语不也会杀掉刘备曹操一击而行刘备按照密令与众人商议对策张飞却莽撞露了口风刘备只得将曹操的密信给吕布看了你不心里很感动在,2
眼见证图面皮渐渐惨白只有出的气没有见得起了鲁达想不好法家只不过要教训他一顿没想到他不经打针打死了还要吃官司,4
我想关于风格的是好我想打那都蛮真心好那也会持续的沟通平台力量立委林昶佐证书内部也许有些沟通不足这个部分是所有在时代力量从政党员里面大家都要一起承担的事情那过去,5
要大陆写的书信教人员连夜赶往荆州送一次石榴表要他在路上接给孙间诸侯们四分五裂纷纷拔寨的去讨伐董卓的军队就这样散去了刘备关羽张飞又回到了平原县,2
你相信并不会带来福气不过十大生命科学系研究发现环境中的农药与重金属等污染物累积在蝙蝠起那破坏中枢神经与回声定位系统导致蝙蝠迷航无法正常在空中,5
越出越起越到定义镇回到南京来将12月烈士都从他笔记起来将来还可以成为负数那我问又是什么是既知道上午时候你走了就能来送有一封信来拆开一看却是一位置胎压纹理的幕府朋友送来的轻松问我几时在家幼儿配方,1
成长在2010年3月13日当周脸书的造访人次超越谷歌2016年11月脸书的式子来到411美元险些超越一辈成为美国的三大网络公司仅次于谷歌和亚马逊,3
尽可这就叫做装干是当下图老而坐了一会又要走了桂花又约他明天来他到了明天果然又去了桂花留他助下他就,1
洪兴游览了各处宫殿最后来到幼狼的一所监狱前只见店门上用胳膊粗的大锁锁着眼前匾上写着伏魔之殿四个金子,4
要从104年开始在网路刊登贩卖尿布等婴儿用品文章或是迅夕阳正有管道购得相当便宜的婴儿用品等被害人发现被骗时所以厂商无法出货另外找新厂商的借口拖延全台湾至少700人被骗已经有300多人提到高雄,5
但说算了快放了它三个逼了是非之门儿会说不行我会了多少心血是这计策才拿来唐僧不能怕了孙行者等我跟他占三和他若不慎我唐僧还是我们口中知识,6
说不曾见钱两不多具有何用若是我们怕了一个使劲如何抵挡冠军朱武阳春苦劝不下城打点了摆10名楼罗冲下山去刷分石家庄,4
中途要让伙计动手鲁达说不许他们动手需你自己来中途动手切了10斤鸡肉剁成肉馅用荷叶包了,4
去内蒙商业大楼酒店有相当多名黑衣人聚集的示意图指示警方立即调动线上会打部队到场在大楼一楼就发现了17名可疑黑衣男子正准备搭电梯上楼便宜一般查资料随后警方在进入酒店内零件又发现了一个包厢里有约30米,5
李宗到桃花山下碰上山寨大王节六大王不是他的对手请他上山让他做了债主这位大王就是方才被自身打的人尊小霸王周通,4
赤道到JR列车撞倒而车站调阅监视器后也发现确实有撞到人但工作人员在现场却完全没有发现这位男同学就连月台附近医院都没有查询到男同学的中期凭空消失的怪事连警方也傻眼,5
清风就上了事物用荆棘之打下两个明月用单盘接了回到前电信给唐僧说五庄观无恶毒可行有土产国平两枚请老师傅杰克,6
先值得引并出演员王昭君如夫双咏雪中均数起白旗两面大树报仇雪恨四季军马列成正是曹操纵马出正身穿高速两边大吗,2
那个什么证关系正大官人住在哪里老头说老汉兴金行二女儿小子翠莲正大官人就是状元桥下milo的政途老汉妇女就住在东门里路夹克店,4
既定王允变差骑都尉李速前往没误传诏书给董卓里诉说皇帝的病刚好要将皇位让给太师董卓并没有怀疑当天便同里速回到京城长安王远等早已安排好了董卓车再到,2
吃了睡睡了吃拉屎撒尿也不找地方就在大殿后面方便是这柄报长老长老反而呵斥是这一通从此再也无人敢管智深的事,4
人教出差就我试图向山间山下压着当年大闹天宫的齐天大圣大圣书如来言而无信把我哄了呀在这里500年你从哪里来不撒说要到东土著取经人让悟空跟取经人当地图的倒时差字会救你,6
支付回到衙门再派人捉拿鲁达鲁达早跑没影了他便出了弃捕文书画上鲁达的商贸通的杀人在逃的军官鲁达,4
我听得五台山的僧人忙将是申请入后堂命装可安排酒范自身问明此处是桃花村老汉是刘太公也爆出数名法号,4
甚至少字按定那汉心里计算饱而该有活命了但总免不了着急忍不住要稳变局局处处的说先生我家的宝儿什么病呀他钟,0
12大王报仇来了自身体了残障说你们修方带我出去一仗打翻一个你们只关绑了解去官府清爽说把他光着膀子来到村头打麦场上,4
谁知他送客之后走到上房里他那个五岁的小少爷手里拿着一个油麻团往他身上一楼把那崭新的衣服弄上了两块有鸡不去动它倒也罢了他们不知哪个说是滑石粉,1
那东西来谨慎的搓着头灯光下仔细看什么东西一般般不般的相似烂骨头上面还带着一排领和不纯的牙齿taigu到这学习下吧苦了河南下巴骨也便在他手里所说的动弹起来而且效应的显出效应中于新的他开口道这回又玩了,0
上一个成功的政府说校园倘若不上课便要付欠薪这虽然并无效地方选错却忽而呼气体请回政府所说的上了可采给钱的话来差不多这一个影子在他眼前又一划而且并不像灭于是他便在讲堂上工表了,0
首页教被废了只做了五个月的皇帝和董卓所立了这个陈留王刘叶子博和殖民地的儿子也就是现的这个时候就走遂改年号为出品动作登上香阁职位上床时可以带间穿鞋子不乱无比,2
两银子的山歌来着我可以将自己好好的姓名来引了另外叫个什么九死一生那只因我出来隐士的20年中回头想来所遇见的只有三种东西的一种是蛇虫鼠蚁第2种是豺狼虎豹第3种是魑魅,1
跟王喝了一阵酒起身去小姐来到书房间书案上一对羊脂玉雕成的政治虱子玲珑剔透爱不释手的把玩一会儿,4
家人最后乘乘九后上路不会长袁景尧他靠边瘦减九色石楠梓区某推友们的吐槽一人员警当场反应不及刹倒骑车冲撞不会认分有江南磁场下压制并在回信为酒测99测数值为0.09毫克,5
两银子说还什么还里琢磨了好一阵拿出了两多碎银子来鲁达说你也不是爽利人把碎银子又推回去只把15两给禁了说拿上当盘缠你妇女回变经去吧,4
高的成功又为吕布出了一记在濮阳城中大附和田市假日趋向曹操投降谎称吕布不再程中请曹操会来工程天是愿意做个那英这天夜里出跟曹操率一队人马冲入程序等知道中,2
谁料一阵风吹来又从三边竹林中窜出一条花蛇来鸿信扔了相如今觉这次我完了摔倒在一块大石边,4
跌入眼中杀生忙把唐僧强出任从扶上马背忽见路边闪出一个女子说唐玉的哪里走我和你耍弄风月去沙僧轮保障就打那女子弄一阵旋风把唐僧,6
106年研发及产业迅速替代一起动已于11月初公告有台积电等877家用人单位合格需求援而7576人预估将有5000名一年和用人单位录取其中研发替代役4500人产业迅速替代,5
近海域侦破东港籍渔船走私80公斤的他命深入追查发现毒品集团成员为了弥补走私K他命造厂或者损失另外在安排走势更多的毒品一月17号专案人员跟踪到屏东县长智乡先后逮捕鱼姓男子还全新男子顺力巡线查获,5
住她的胸脯晃着数般般大的拳头吗到撒迦利了无数军工也不枉证关系的称号你是个卖肉的屠户口一般的贱人也敢称郑冠希说你是如何骗了金翠莲的,4
交恶的其限制在本年所以必须赶在正月初一前永别了熟识的老屋而且远离了熟识的故乡搬家到我在某时的意的去,0
待到五更天为名时王静又叫过李白给你些银两你买些猪头三牲道与妙和张牌煮熟等我李白也令命去了,4
李白父生的气概也有些人常常在报上看见了他的诗自然记得他的名字后来偶然遇见通起姓名来人自然说句久仰的话越发冠起,1
们象征物的均价造雕其往南天门上一盏把日月星辰折了只说装了天一柱大圣城公寓的准奏落差就到北天门家来造雕奇,6
运动那是妥当不过它是由两个人发明的皮克球的名称来自发明人之一的一条狗在开始发明是打的时候那条名为皮克的狗常常叼着球跑,3
便独自带领本部人马追赶董卓东着女婿例如在襄阳城外埋伏兵马大败曹军曹操差一点丧了命10000多人马只剩下500多人无力再战只得收拾残兵往扬州去了,2
急急的说道你看看这是什么呢华大妈跟他指头看去眼光变到了前面的坟这本上草根还没有权和露出一块块的黄土上是难看在网上仔细看时却不觉也是一级分明有一圈红白的花为支那渐远的粉底,0
说是他兄弟的是吗还是说只有万把银子能既知道可不是吗这种是词不知要好哪个他还说这件事肯拿出18000来周璇我当时就想伯雷西后来想犯不着所以顿住了口我到,1
济公下松川蜀南等地响了乔系人许褚氛围都为曹操又收复眼周浦阳吕布走投无路前来徐州投靠刘备刘备为人宽厚尽管关羽张飞坚决反对还是把小佩让给吕布站住,2
当的家丁名校高材太空有个老女人三年前被一个妖精抓了太空让他请法师做么连起了几个都不是妖精的对手太多埋怨他不会办事让他在去请随之被悟空抓住不由得懂气,6
球员按键可两瓶用紧急电话对用路人的行车影响不大为节省工厂今年一月底前将把行京都会区的国内博士以及国巴紧急电话全数拆除交通管理组组长着明军说,5
好伐克罗诺斯石头人的人送给宙斯闪电话给波塞顿三叉戟给黑的私隐形头盔此后波塞顿经常手持三叉戟成了他的标志,3
比如便把太后扔下了楼直接摔死了太后这样一来动作更加骄横跋扈到处烧杀抢掠无恶不作虽然越骑校尉五和试图刺杀董卓但事情败露被董卓除此,2
柳大郎就给高球写了一封书信让他投奔东京津梁桥下开生药铺的董强势,4
但自从81小说了衙门里的大佬也没有告示这话以后却有些生气了这时他已经造出桌旁接着说很棒打人算什么呢大兵士就要到的你可知道这回宝家的是张娜率增大,0
又给翠莲做个没嫁给赵员外做小妾养在外宅一时风俗赵员外也爱使枪吧他常说人有机会与恩公见上一面,4
是我的今日害我吞了半天的腌泡那又有一个说到那一双新鞋是我的一下时都认了去细看时和所有了一支烟筒也在里面也不曾留心不知几时偷去了此时那人却是目瞪口呆一言不发,1
是老头说大王是先生房间兵器不顺手我们这铁板桥下直通东海龙宫大王和不到龙宫世界一件兵器不宽大喜来到桥头是一个碧水法跳入水中来到海底,6
有时候人不免呐喊几声了以为家那在节目里边是的模式是他不但于前驱至于我的海参是勇猛或是悲哀只可证或是可笑那倒是不暇顾及的大,0
二人白酒位置参见形容屏暴三下有客商经过理中说带我们下山节来财物送给大哥当盘传遍核舟通点起人马下山去了,4
金老说店主看住我妇女如何能走了鲁达说明天我自送你看谁敢当今老接了银子千恩万谢的去了,4
十进位你们为何故半夜三更来接我装上都头说大郎别甩啦也是立即将你告了其境问题给你会和污垢两名以及说我12装饰的疏浚还会有假,4
这位老太太是我从小见过的当下见过礼之后那老太太到几年不看见你也长得这么高大了你今年几岁呀我到16岁了,1
认出只有事后端菜的几个人办事呀却不稳之后忽见二个人抬了一张炕桌来放在这边炕上桌上网盘升猎人是满满的鱼肉在那不过略动了几样反而易见了便吵着要哦,7
这次自行车团有来自日本韩国欧美等地自行车好手前来共襄盛举不理事长表示台湾人的热情礼遇是吸引外国朋友前来造访的原因之一,5
上将古巴统帅远东舰队击败清朝福建水师南洋水师两舰队取得台湾海峡制海权并先后占领台湾基隆汉捧和两处战争过程中发军的陆海两军虽鱼,3
负面后果依然持续或增加打电玩的时间而其相关行为要持续至少12个月才能确诊若症状严重确诊前的观察期可缩短,5
有人表示雄安新区生态环境局主要负责建立健全生态环境基本制度重大环境问题的统筹协调和监督管理组织督促新区污染减排目标的落实从原,5
小姨发现从源节点可达的所有节点为止如果还存在未被发现的节点则选择其中一个作为元节点并重复以上过程整个进程反复进行直到所有节点都被访问为只属于盲目搜索,3
国王说明天我的太子要出城打猎师傅设法与他相见了把我的话告诉他他就会相信唐僧说他每天都要叫那个,6
方端的茶来的了过去说道没有什么事就是那307的病患和媳妇送进来我收了再有瑞大约10人来打听奶奶在家没有他要来请人说话凤姐儿听了哼了一声说道这畜生活,7
男子汉台湾部落客网路名人退伍志愿意事关企业家运动员健身教练散打比赛,3
话说周瑞家的送了刘姥姥去后便上来回王夫人话谁之王夫人不在上访问丫鬟们时方知网薛姨妈那边闲话去了周瑞家的听说便转东校门出自东院往离乡月来,7
办的国际性综合运动会以及成功申办2009年的21届台北听障奥林匹克运动会使赛事为第1次移师至亚洲举行2010年底开拳道因为黑袜事件备受台湾舆论关注,3
这位联爷身上线圈的是个通知也是不肯读书与思路上好几遍铅弹去的所以如今只在买书正老爷家住这帮忙料理些家务随之自取的,7
一种种给180块钱才够开销发了吗并不对着他看得说我明天不做官了钱的支票是令来的了可是所新大会的代表不发放了先说是没有同,0
狼入室只只想老太夫人夫人被自然中爱奇艺但无背后深信不疑中坜中坜则未免慌失血液洗小王曾到此测想令郎一未必不如师也若令郎在家,7
一出了西角门往东过荣府正门变入射黑油大门终是一门前方下来中小司退出方达汽车连邢夫人穿了黛玉的手进入院中,7
财经网报道据市场研调公司透露2017年全球收入最高的25家游戏发行商总收入达到的,5
水一个月过后再歇着不要把老脸丢了那是个有名的列和脸酸锌印一时脑了不认人的众人都到油里又有一个孝道论里我们里面也须得他来整治整治都太不像样了再说,7
我的三分之一江南与广东等地的丝织业与棉织业都很发达景德镇的瓷器都达到历史高峰与此同时引号一开始在山西出现中国的国库库存一从雍正十三,3
什么大区别便是学生团体新办的许多事业不是也已经难免出毕竟大半烟消火灭了吗差不多的但中国将来只可率就在此,0
一位同她搭讪着他光景知道我同返台还说的话来所以中雷希特地来拜会我无非是要求我对凡台剧毒他求情既知道你想我肯同他办这些事吗,1
长老又让自身穿上法医生协会他无的售价说一要皈依佛,4
你先关注的立法委员可知人16号上午在立法院咨询科技部长杨洪敦杨泮池是否因寻当年教育部长蒋伟民粒子会挂名论文下台以是负责然后登表示每间学术造假案的状况都不同必须是个案决定,5
哭的泪人一般正和假大陆等说到何家大小远近亲友谁不知我这媳妇比儿子还强食,7
我是霸凌的当回来玩弄于手心灵的敬称为首的蟑螂为阿富汗官弄权天将一侧一郎蔡邕奏之琳的确被宦官辛亥变回乡里从此天下大乱斗贼蜂起,2
花莲西北南西等平均年降雨量2150毫米也为世界平均降雨量之2.6倍增雨量分布不均约80%降雨集中于5月至10月风水起每人分配平均,3
早上去既知道这个杯子一定不敢去碰这个钉子润明分它是上私人交情它是同仙君相好又是负值万一他摆出老长辈的面目来教训几句那就一味的很了,1
讲堂术经济及其余虽不才艺的儿子却还是的学习名说正当大笔收益作出入都春伟一战方伯父兄之所学也期盼费于是地质大为处置一步往胸之妙41,7
柱状加2018年与2022年世界杯申办程序以便进行2018年世界杯的正式申办国家包括英格兰俄罗斯,3
自然的数据也显示了一支持续维持在16度最好那其中尤其是在查缉毒品上面保证得到谨慎数的肯定跟表扬他毒品查缉中心揭牌后现场并向市长起来宾展示静,5
暗中附中医载任何算起来人口虽不多从上至下也有三四百丁氏虽不多一天也有12时间进入乱码一般并无个头绪可做杠铃正寻思从哪一件事,7
也是1元他叫别人化指南2三角杨钱出去这不是上一有力栽吗这是诗嘉的话还有那画家的诗呢有两个侄子不通的人他去绘画并且画的还好,1
那整个营业规模很大红了对市场的那个影响非常非常大行为了整合为华北地区之间也算场所以我们就划的比较的方法了千万别表示同意公司行为造成店家需支付较高的租金和选择退出奇,5
则上任意选择约前者非不洗砚洲整解此菌只虎鲸比琼儿童我岂有他心脏飞约哥哥心长腿好虽然如此也要准备,2
剑三人威风凛凛非常高兴在与刘备论辈份是刘备的远房叔叔就已熟知相正在与黄巾军的战斗中善良不仅凭着高强的武艺而且超使计谋连打胜仗刘备听说呢,2
都得出吧他急着第2个指头在帐子里的空中划了一个半圆方太太跟着指头也看了一个半圆只见着手便去翻开了尝试集,0
用扇子以上收了圈子又以单那怪现了原形老君就把圈子一吹变成格局而穿的牛鼻子齐了回离恨天大圣同种神将打进洞续发小妖拳打死歌曲兵器中神将回天读汉回西天,6
打开语音怎么演他有2年到3年的体验然后进后后面再接着这个艺术大学的饮具的相关科系然后出来他有15又有理论这个对他的反而帮助就很大不会说从一开始就一直升学考成绩到哪里我就想到哪一个科系然后读书,5
这天正行间前面一道大水拦住去路不见一只船屋空跳在空中手搭凉棚放眼看去南水好好苗苗,6
你可能我这封书前去投他讨个指示灯座未来路定的四句偈言你可记助攻你终身受用雨林而只与山而富裕水而新绿江而止,4
在门外大声叫喊请大将军上车这时核心的人头被从墙里扔了出来袁绍曹操大怒挥舞着宝剑高校着杀戮的宫内碰见宦官不论大小全部杀死一时皇宫内火光冲天,2
外籍旅客在中国旅游和工作时市场出现与被审查的网络而无法正常连线到脸书谷歌奈只能通过购买商业虚拟私人,5
App应用产品所带的软硬体系统与零组件都会是庞大的商机所在台湾累积上究以来的ict制造与研发能量未来只要能够搭配ai应用的趋势也就是所谓的ai家仍有相当多的发展机会,5
那是狼的亲眷狼是狗的本家前天兆家的狗看我企业可见他也同盟早已接洽老头子眼看着的岂能瞒得我过,0
T天铲除此逆贼说完举起手中的检查操作董卓查去董卓大怒让武士立刻拿下应该作为大城市上输精管动作命令将他拉出去斩了宾馆吗不绝口子时脸色不变,2
刘姥姥陪笑道我找太太的陪房周大爷的烦恼为太爷替我请他老出来那些人听了都不就踩半日方说道你远远的在那墙角下等着一会子他们家有人救出,7
730人国语方丈至尊长老亲如兄弟我祖上也曾涉前说过四月我曾许下剃度一生的心阅读碟以买好了恩公洛肯去时就到五台山落发为僧,4
你不到绿府中吃饭让貂蝉作陪进酒貂蝉是天下少有的美女你不宜见他便被迷住了王宇便提出将貂蝉送于不为妻离不十分高兴在300谢王云,2
那些生肖到大*奶这个证后可是那几位耽搁了要在初次行金的时候就用药治起来不但段舞今日之幻而且此时已,7
抱头鼠窜老无冷笑着从左手腕上退下一个白森森的圈子来王空一泡把满天蚌收成一条套去了悟空没了棒翻筋斗倒了,6
我一生有贼我一骨碌爬进来看时两间守着长衫没了一箱面上摆的一个小闹钟也不见了一箱的锁也几乎敲开了,1
15天骑士之财力物系人只得如蒙发一点词新的大弟子得入红尘在那富贵场中温柔乡里受降几年自当永沛鸿恩万劫不忘也,7
是能算偷吗接连便是难懂的话什么君子固穷什么者乎之类引得众人都哄笑起来店内外充满了快活的空气,0
页次日一早便进程来料理出病之士一面又怕人先往铁侃次连夜另外收拾停灵之处并除查等相结令人口,7
给你扭着他他只说明日送来等一会送来就说那堂上的人不顺眼睛你大爷可是欠人家钱的吗那堂上说我只要你一个钱开水前不管你什么大爷,1
他也照例的帮人撑着航船每日一回早晨从鲁镇进程傍晚又回到鲁镇因此很知道些什是比如什么地方为公司死了蜈蚣金什么的,0
因为自己一些时候难以理解表面上不合逻辑的事情容易被人误导逻辑但事实上那些事情是符合逻辑的事情所以不能用过分使用逻辑思考要以逻辑加以感觉去思考,3
是西安等等这类风险物质均容表示想要早餐区的安全除了留意烹制环境是否跟进更改观察并加如何清洁尖瓣如果使用钢刷可能会留下刮痕如此一来照看无垢会更容易卡在上面因为从选择餐点销售减少时间本料理的频率改制,5
颈椎出了问题那一天开始的话往往就是会产生它本身不管身体的毛利人20到65岁椎间盘突出的病患中也有9000于过度使用三星产品有关年轻族群的肩椎盘突出多数以及椎病变一开始都认为是要追问题现在人,5
已经通过了广东汕头的外海滩方向继续沿着中国大陆沿海向北航行的中共方面的海军还有空军并没有异常的状况我们国君会持续全程的坚贞还有应酬也请国人能够放心正方行见到您好,5
不过是一种误解发了他自己说他是自从出世以来只有人向他来要在他从没有向人去讨过在所以这一端是非其所长,0
寻来把锅巴让杀生用一经都了摇了一般水二人回到路上见唐僧昏迷不醒白马还在却不见了行李八戒就要卖了吗买口,6
奇怪不奇怪我听了此话也不觉得了半天没有话说继之又道不是我说句以书见亲的话令婆这种行径不定是有意回避你的了其实我也不言可答只坐在那里出生,1
并1500余人前来支援助军朱俊州让孙坚打南门刘备打北门自己打西门留下东门瞬间率先登城杀敌20余人又从城上飞身扑向赵鸿章赵洪杀死,2
是地震规模式地震大小的一种度量根据地震释放能量多少来划分目前国际上一般采用美国地震学家查尔斯弗朗西斯瑞克特在1935年提出的规模划分法,3
去看他正在厨房里紫色的圆脸头戴一顶小毡帽颈上套一个明晃晃的银项圈这可见他的父亲十分爱他怕他死去所以,0
会在中关节在吵吵案使人机牛酒府为三人却说华雄手下败将报上官来李树慌忙写道即文殊深吻董卓作极具比如吕布等商议,2
天下所有人都非常高兴于是亲自斟酒给曹操和曹操到脚立下誓言王允便起下七星宝刀给了曹操曹操场好刀把酒喝完便起身和大家里别大家又坐了一会儿两碗的才散去,2
天我又去打听了吃饭回来在路上一面走一面盘算着躺是过几天还不回来我这里没说回家的盘缠没有就是客栈的防范钱也还不晓得在哪里呢,1
有一段风流公案证该了结这一干风流冤家尚未投胎入是趁此机会就将此纯物夹带鱼中使他去经历经历,7
顺丰那就早下去了那就马上就跟那位民众又感到可怕单调性和排出所所长刘国华表示最为老公从台中市沙鹿区骑机车要到台中荣总医院就一只差10公尺就到医院却被冬季海风吹到景园,5
后来不知过了几世几劫应有个空空道人行道求仙从这大荒山无稽崖青埂峰下经过忽见一大块时尚子积分明边树立,7
我那时并不知道这所谓查的是怎么一件东西便是现在也没有知道只是无端的觉得状如小狗,0
科技部非常乐于见到新思科技积极协助台湾ai的发展与国研院晶片中心共同推动顶尖大学从事ai系统晶片与关键技术的开发带动台,5
阳明山原名草山贩子大屯山七星山纱帽山小观音山这一带,3
那里的事情就是那掌柜子家也还在那里做梦不知是哪一个骗他的呢我经到那么说大哥是知道那个骗子的了为啥不去告诉了他等他或者控告或者自己去追就起不是件好事,1
在那里那么另一个人提着我的名字叫我我不觉得那汉到我初到此地并不承认的一个人这是哪一个呢抬头看时却是一个十分面熟的人只想不出他的姓名不觉得哎这一代难道你怎么牌子,1
英语长赵红尘中孙中率众数万正确完成为张角报酬超级命朱军讨伐诛剧命刘关张工程心,2
东躲西藏跑得快的就报道森罗殿十殿阎君会7点起因并想住真悟空请假悟空二人达到面前十殿阎君也认不出真假换判观察生死不也查不出名堂就抱之地藏王菩萨,6
解说员邵屯兵和内缺少粮草冀州牧韩馥遣人送两以资金用某市冯记舒少约大丈夫纵横天下和大人送量为10 G周乃前梁广胜之地,2
就说不必当了了我只爱吃冷的薛姨妈忙道这可使不得吃了冷酒写字手打展宝钗笑道老兄弟亏呢每日夹杂学旁收的难道就不知道久性最热,7
问刘欣慰是什么出生刘备说我是中山靖王的后代子着俊参加校出黄金大小30余占有些战功才得到这个职务,2
方都采取了别的一家子爷们都被02书并强兄弟让过去听戏去了方才南安郡王东平郡王心凌俊王北京君王四家王爷病症国公牛府等六家中进口食谱等,7
爱人求女不女儿为儿媳一次连接吕布除掉刘备承担的父亲陈贵大并拜见女不点破了元素借刀杀人之际吕布恍然大悟忙令人追回已上路的女儿,2
只见他店中一个个的伙计你埋怨我我埋怨你那掌柜的虽是陪我坐着却也是无精打采的我看见这种情形起身要走长魏道阁下没事,1
已经关了门给等出8001彩色的问心里这一层已经取消了听说人就有会计科分送可是银行今天已经关了门收13天得等到出发的上午,0
哪里去了他们都在社会的冷笑那么迫害请县里过了一生现在他们的坟墓也早在忘却里渐渐平他下去了我不看纪念这些事,0
这天家人们都说小姐并不曾出大门就在屋里查查起来谁知他公馆的房子是仅靠在成脚底下晒台又紧贴着城头那小姐是在晒台上搭了跳板走过城头上去的,1
这也就是我唯一的愿望下一页文字多了便摇着蒲扇坐在槐树下从毕业缝里看那一点一点的青天晚出的怀单又美美冰冷的落在头顶上,0
当下雨村建了适应忙司理赔笑道老先生你们住王感市街市上有什新闻否适应笑道飞也是因,7
的团扇拿来我一会拿了出来的汁的给我看我接过看11面还没有写字一面画的几根石墨水的竹子总数的,1
台湾英欧亚板块与菲律宾海板块的互相挤压而造成造山运动发达导致台湾3D,3
诉说了回屋里坐不是借给他扇子几乎被他害了性命讲牛魔王故作万玺说真可把扇子借给他和孙罗刹女说大王放心给他的是假的真的我收着那就让延缓白酒为代王杰峰,6
跳舞她坐下了他们送上完课来脸上都显出小觑它的神色回去吧他迟疑了片时这才悲惨的说他们胡乱的包的书包夹着,0
看着热热的coloros唐肯多花一文便可买一碟盐竹笋或者回乡道坐下95了如果出道时给文那就能买一样荤菜但这些顾客多是短一般大的没有这样或错,0
强的新一分也没有了公婆跟前未得孝顺一天就是神良将疼我我就有十分孝顺的心如今也不能够了我自强者未必劳的过年去了,7
上山寻找怪物搭救师父去三人走了六七十里也没找见的婴儿卧空焦躁变成三头六臂使三条铁棒到处乱打不易11火虫神赶来贵的一片说大胜,6
然而有一个人却大小到大家的晚上哭到早上有什么早上哭到晚上难道能哭死董祚薄云看来是骁骑校尉曹操网与大陆到,2
不幸福已经规划在整个区域的英文站期待能有更好更快速到各乡镇各区域里面的风景区从转印结果从公路系统到明年的这个管理战略都轮不一定,5
天堂伯母在那里盼望那我说这个我也知道因为要想进了加博取了钱装上的利钱一起继续不料等到今日仍旧等不着急之低头想了1想到你只管里面显示,1
小约又时常来考场立钱没钱给他就要拆庙宇多一上角的众神不安请大圣角除此要救救我们不空又问这么精是什么来历中神说说起来他还,6
希望能够给警察最好的一个活动是不是警察就让服务员说近来黑道帮派转行从事诈骗毒品犯罪甚至屡屡发生街头斗殴严重影响治安非常感谢有地检署的支持小镜检警合作更能提升执法成效,5
台湾别称福尔摩沙是位于亚洲东部太平洋西北侧的岛屿地处琉球群岛与菲律宾群岛之间西隔台湾海峡与中国大陆相望周围从三点钟方向以顺时针排序分别为,3
南京城里算是数一数二的大店家记之与他相熟的我也曾跟着既知道过他家两三次店里的人也相守了当时走到他家便请他掌柜的骨架骨得三百两银子不贵,1
又嘴馋了吃了有大半个五今天的时候就一连起来了两次今日照城掠角的身子圈些因叫我回大爷今日段不能来了说有好吃的要几样还要很烂的,7
2月16号上午9点35分的在朋友圈里的法医院全体医护人员追思礼拜定在2月25号下午2点地点在台南市天桥教会我们和本名王振瑞1953年12月6号出生曾因违反,5
船员那人身不由己一拖出去了20大板还要进来叩谢凤姐到明日再有误的打40后日的60又不怕打的直管物说着吩咐散了吧窗外众人听说方格,7
好久只等得一个泥牛入海永无消息只得写信到上海去通知过了几天上海又派了一个人来又带了多少时费并且带着了一封信,1
客家收拾了点燃香烛请成分练金唐僧进手焚香敲着木鱼念了几卷晶般清烧纸钱各自然起当夜全家人做了同样的梦,6
学家界数7000件以上邮件员欢迎不仅9家安监局各部下载分率偏高一次解决单位更为简单位联手宣导鼓励饮酒成瘾的酒驾者申请工费解除究竟我们也许更为人知的认识调过去都有一些,5
服从今若留此恐有不变为一家兴许都为上策为朝廷波栎鑫黄金狮远敬仰望,2
勇猛威武的英雄形象结构宏伟经历全书人物众多头绪纷繁情节复杂为作者能以蜀汉为中心抓紧魏蜀吴三国间的冲突矛盾写来仅仅有条脉络清,3
府大门时之日前指间处处的觉吗有姥姥便不敢过去截短了短衣服又交了板儿几句话然后振到角门前只见几个挺胸蝶度指手画脚的人坐在石凳上说东谈西呢,7
爹卖馄饨是说大了也卖馄饨卖许多许多钱我都给你那时候真是连仿出的棉纱也仿佛寸寸都有一丝寸寸都活着,0
大雨小道要来时一群都来要不然一个也不来进而他来了明天我再来如此间错开了来这几乎天天有人来了也不至于太冷落也不至于太热闹的姐姐如何反不解这意思,7
那我自己有了4000年吃人履历的我当初虽然不知道现在明白难见真的人没有吃过人的孩子或者还有救救孩子1918年4月,0
要他30000元至他收到东西虽好哪里直到这个价钱顶多不过一个折半价吧了阁下你想3万折半不是有了15000的吗我们看见他这等说以为可以有点王头了,1
你几岁投身到这里又问你父母亲在何处今年是几岁了本书是哪里人相邻我听闻都摇头说不记得了周瑞家的合金钏儿听了到访为他叹息伤感一回,7
警车送来的可是不送来又怎么好呢哦昨夜忘记说了孩子们说那学费学校里已经吹过好几次了说是倘若再不缴和说做老子,0
怎么好那只有湿疹和小鲜的担保而鱼也许是日轻夜重到了明天太阳一出热也会退气喘也会平等这实在是病人常有的事,0
你只有到仙山古洞拜师学艺学来长生不老的法术阎王就再也管不到我们了撞后一口同声的说太好了明天我们多学些国品大摆筵席欢送大王朝鲜,6
保护法律事务司司长中瑞安表示这是今年国民案件中最高金额大师月薪4000多万马哈可涉及到11月15号为此我们又又多了5000多万岁今年79千多万最多的机关应该是国防部的五件中三人飞弹的那个好三天,5
仙缘一颗中心与三军总医院共建亚太区医用3D列印服务平台让国内具高度创意的医师有一个可以发挥创意的舞台,5
经历了辛苦了一年NBA宣布2017到18赛季NBA最佳阵容骑士队的勒布朗获得全票100,3
除老人做了一年多到海安分一天不知清了什么人说起打野鸡的好处我听了又不明白到什么打野鸡可是打那流畅吗系知道去漂流昌就叫打野鸡,1
财政学生活中会考成绩只看学生的志愿序及多元表现但教育部人鼓励学生参与会靠因为会提供资源给15所高中职主要对应的国中为此水利品之这部次长林腾蛟说,5
你都悄悄的咨询方便去了只剩了两个小丫头子饿了淘宝玉的欢喜心和薛姨妈清空万哄的这种他吃了几倍就忙收过了住了酸笋鸡皮汤宝如同喝了两碗,7
便改为差不多一直使用到现在他是从发现了这一句平凡的景致以后虽然引起了不少新港菜同时却也到许多欣慰安,0
不几天就到了南赡部洲美猴王上了案件海滩上有人晒盐不忘挖格就奔过去吃牙咧嘴的半个鬼脸把众人吓得四散而逃有个逃不动的被他抓住般的衣裳穿在身上摇,6
这天召华山的三个头领一是周五说华阴县出3000观赏钱捉拿我们我们要多备些量,4
他们便越想吃我鸡粘光一点这有钱老头子发出门走不多远先生对大哥说道赶紧吃吧大哥点点头原来也有你嘴贱大发现,0
又没有见着面说这一句半句话而知道他靠得住不那好歹我来监督着他以后他在问你你必要叫他同我商量说着去了,1
再说啊呀老太太真是这城什么规矩那时是孩子不懂事闰土说着又叫水身上来打过那孩子却害羞紧紧的纸贴在他背后,0
苏州拆是世上不如将您那边多老兄不如到江宁那边去分数分明是一样的兄弟这里只管瘤心则有神才是出了再来关照吧,1
卓约普耐力则是无碍的是必杀之如约分相差异西楚庄王珏音只会不就是IG只讲雄厚为秦兵所困得其实力相救,2
呆呆坐着听得打门身材吃了一下跑出去开门门外一个不认识的人背了一件东西后面站着往酒吗哦他们背了棺材来了,0
刘备明只是曹操的奸计但有皇帝的诏命只好起并留下张飞手徐州张妃醉酒打了着抱着抱恨透张飞电影吕布夺下了徐州元素得之旅不多的徐州便于吕布联合攻打刘备刘备退,2
同时忽见一个汉子衣衫褴褛气宇轩昂站在那里手中拿着一本册子车子上插着一只标为了多少人在旁边观看那汉子虽是昂然拿,1
你可以走了听说是的还有闰土他每到我家来时总问题你很想见你一回面我已经将你到家的大约日期通知他他也许就要来了,0
佛法无边地藏王就说你们去西天雷音寺找如来分辨去两个悟空又闹出的富两个悟空气在空中边走边读什闹到西天灵山灵隐寺前如来正在说法却理宝座,6
部署里找包括火山岛台湾周围里岛大部分属于火山岛其中澎湖群岛的岩石构成较为特殊为玄武岩此因南海成短期海底扩张所造成的,3
在审查的体验会议才得以进行循当然而原本在场外抗议的护加盟团体从济南路测们高举标语在下午2点30分冲进立法院高喊要求新公厅在审查并要求间体验的委员刘美女,5
的吗并且他方才劝诫我一番话就是自家父兄也不过如此真是令人可感一面想着又谈了好些处事的话他就有事出门去了,1
他又要看尝试骑了房太太怕失了机会连忙吞吞吐吐的说我想过了节到了出发我们倒不如去买一张彩票和说会说这样无教育的,0
误差与善财童子因结而言他来见观音区空哭诉了唐僧不知好歹让他再次改走进菩萨给他退了头上哭了重回花果山城王菩萨,6
此时我急着要回去真爱伯父说在上海有事今天有人请吃酒明天有人请看戏连云秀,1
关上去当下高声传了这话进来我想这封信已经拆开了怎么好还他应较高伸出去交代说这里已经专人把信送到关上去了不会误事的收条人就拿了去吧,1
自然要行不远路旁有一女官说原来的客人不可进程请到关射灯技大厦关注明国王艳官方形深圳下了马健南亚门匾额上学的阴阳13至,6
最难的羊肉烧豆腐面的哦我记得了我孩子时候在斜对面的豆腐店里却乎终日坐着一个杨二嫂人都叫伊豆腐西施但是他这白粉,0
周恩来中共中央随后要求将摆放在天安门广场的花圈全部送至八宝山并使用武力进行清场反击右倾翻案风运动由此引发六四事件又称第2次天安门,3
去问我到你父亲今年45岁自然应该坐享受45岁为什里却写作春秋45岁那我说到45岁只怕不便写作享受有人用,1
出口外去他站住了脸上现出欢喜和凄凉的神情动着嘴唇却没有作声他的态度终于恭敬起来了分明的叫道王爷,0
四的哪里做的擦着你晓得他到哪里去了他带了银子一直进金瓶白的就圈上一个大花样的道员加上一个二品顶戴银监局审来到这里后,1
令张天师保护空反夏天空的是奏之谷的谷地说谁去捉拿此怪托塔李天王与挪吒三太子说万岁为承父子愿去捉此怪异的旧风里尽为,6
跟太太奶奶们出门的世界因你原是太太的亲戚又拿我当个人投奔了我来我进破格力给你通个信去弹指一间老老有所不知我们这,7
紫玉宝钗就禁止观一阵阵凉生生甜食的邮箱进步知识和相起诉问解决心的是什么香果仅从未见过这位而宝钗笑道我最怕需相好好的衣服新的淹了火器的,7
婶子好说我今日回去你也不送我一层新娘儿们素质相好我舍不得婶婶过来别你一别还有一件心愿未了非告诉孙子别人未必中用,7
金老却把他拉到僻静处悄声说恩人那上面贴的是气不,4
张飞一霆大怒八道要杀押上囚车的官兵救出如此又被急忙拦住说朝廷自有公论三人便一起回着见去镇静渐渐黄巾军把董卓领导的冠军杀的大败,2
对于宫穿着法子等在岸边唐僧师徒惩罚过了见唐僧要给百度钱不同说不打他就便宜他了还给他钱他曾说他好心对我们过节你怎么反要打他不公说他事件中水神迎接来吃怎么不该打死,6
万州德斯普兰斯成立特许经营公司麦当劳系统公司1960年麦当劳系统公司更名为麦当劳公司1961年雷克罗克以2700000美元收购麦当劳生的10家餐厅,3
手机一级函数语言程序设计它提供与法来操控文字阵列日期以及正规表示是等不支援哎哟比如网络储存和出行等但这些都有可以由他的宿主环境提供支援,3
是的事情带我办办我们是同窗自豪我自然要好好的招呼你至于你令薄的话只好慢慢再说好在他终究是要回来的总不能一辈子不见面我说到家驳倒他,1
笔砚退之所及金钱世之丧族中诸人皆全在铁槛寺下他独有凤姐嫌不方便因而早前人来和馒头安的句子进区说了腾出两间房子来坐下厨,7
我就没工夫应他既是咱们的孩子要圈会写的履历来贾珍听说忙吩咐会秘书房里人公进写了大爷的履历来小厮不敢怠慢去了一刻便拿了一张红纸来与贾珍,7
到了城高地区天色已晚曹操指着森林深处对成功说到这里有一个人叫做吕伯奢他是我父亲的义兄妹去那里投诉一首成功表示同意,2
新北市立联合医院眼科医师长年瑞说,5
已经成的家家博谁是回过几次家乡却都没有带家眷我又是经幡头一次到南京来说已没有见过的知道哦,1
我说北京是最好你不去见见世面吗我想看戏是有为的而况在北京那是都兴致勃勃的跑道什么原细纹已经开,0
徐州太守陶谦的好朋友成功当年曾做过曹操便前往曹营劝曹操不要攻打徐州曹操充耳不闻成功赶到5点去见陶器,2
伺服器通过网络对外提供服务可以通过Internet对内网提供服务也可以通过Internet对外提供服务伺服器的最大特点就是运算能力需非常强大在短时间,3
可燃气体之火警如石油气天然气已缺甲烷的类可燃固体金属制和景如镁铜铁铝钠钾里一类通电物体制,3
不提供半部地区降雨机率就会提高天气也会转凉尤其初三初四水器比较多东南部的饮料也会偏多山区也可能有些短暂与要提醒安排活动的朋友留一年节假期前后段的天气不太一样他在安排活动时候要多留意图三之后的天气变化,5
就太后约记员受假如可欣颖如怒曰如不饮也和左右持短刀,2
大人很可以自己是说非只怕说不上去梅溪到老公万不可这么称呼我们一向相好不然兄弟送一份帖子过来我们换的铁就是兄弟何必客气,1
李密特的神话与他的女儿博士分紧密相关博社分从小就和母亲的密特在一起生活并且从未考虑过婚配只是由于,3
得他们的方法直接杀了是不肯的而且也不敢怕有和碎所以他们大家联络不满罗王的我自强势看前几天街上呢,0
有网站要吃人和庭小药来报穷山君与特厨师来了只见一个黑大汉语一个胖大汉摇摇摆摆手来说引将军恭喜恭喜又做了好生意引将军就把儿童人来大可31 kata kata吞食了新干把肉分给小姚,6
要退那英女不同入后堂石膏纤依旧将曹操所送秘书与吕布看不看BT曰此乃曹操与令二人不和而玄德曰生物由刘备是不为此不义之事,2
一郎不少心情形下从美杜莎头上的下的点点心血落到地上变成各型各色的毒蛇布尔修斯借助美杜莎头的力量杀死海怪也就安德路万达还张飞纽斯汗他的士兵们变成石像,3
一天董卓上朝遗失去了你不趁机与貂蝉在后园的凤仪亭约会却被董卓撞见董卓拿起听边吕布的话即追赶要是吕布从此两人便结下梁子,2
他说曹操领兵回到濮阳咋盈率部领兵五万与曹操摆下正式开战曹将夏侯月经都打不过吕布曹军大败诸如推了40里当天晚上朝军前去偷袭吕布西边的一个营寨,2
马褂头上戴着一顶20年前的老式大帽帽上装着一颗车群顶子脚上蹬着一双黑布面的双量会削大踏步走出来后头送出来的主人却是穿的枣红明筹建一,1
捡起身上车外面望而与背下伤风上了本村主任庄服等来扣上凤姐并不在意宝玉却留心看时内中并无二丫头一时上了车出来走不多远只见,7
今日公布的护照指数参照国际航空运输协会资料调列全球200个国家和地区享有的免签国数量日本拥有189,5
天亮后哪吒要称要无心慌意乱时再去挑战中神将其声回应来到洞潜入空上前马镇老磨勃然大怒挺枪出战无空轮泵相迎,6
到奥莱国建国中六阶三是好不热闹按想有现成的弄几件岂不更好就吹起一股狂风直刮的天昏地暗日月无光家家关门闭户他就按落云头寻到皇宫的冰,6
得3000银子还是说要卖点蔓草卖了10给我们一个周五回用网名字是卖不掉的好在世纪末中西部分本钱又不很不占地方就拿来店面上做个白色也要就答应了他把三个多月虽然有问过但是听了价钱都下了吐出舌头来,1
更容易融资与就陶公主虽因就一一为大义工企图与正义之心耶玄德曰系如此亲吻举贤行,2
联系只有到这个不过是桂花剪错人落到这般结果那桂花是个当丫头的又当过婊*的他还想着做命妇已经好笑了还有个请愿拿命赴去做婊*的岂不是更好笑了我听了觉更觉得差以及,7
九斤老太说期金慢慢的抬起头来叹一口气说皇帝做了龙停了其筋扫待了一刻忽而恍然大悟的道这可好了这不是又要黄恩大赦了吗,0
那么一般饮食的话记得了量大概都是500到800大卡那么大它的热量非常的地就是1150大卡到200大卡所以说如果你中午吃了一餐大餐的话那我们下一餐晚餐我们可以用代餐的方式来取代是指出自助大餐都是营养均衡身体,5
乱离的人要皇帝交出王允裁员退兵狂的踌躇不决王远毫不犹豫大叫一声从门楼上跳下被乱刀杀死从此朝廷大权落入李郭汜等人手中,2
并将这笔钱去拿去清场高利贷案发之后联系男子被捕检方依杀人未遂罪现场拉起诉二审法院审理时的性能子虽然坦诚电影看多了但手套是想不留痕迹也承认供给被害人但却辩称当时只是一时贪念想偷走遍汉的包包并没有强盗,5
下半年中国大陆要举行19届全国党代表大会这些重要的动态陆委会我们会持续严收资讯掌握中国大陆情势的变化对台湾的策略作为并针对,5
孔乙己喝过半碗酒涨红的脸色渐渐复了原旁人便又问道孔乙己你当真认识字吗红一起看着问他的人显出不屑置辩的神气,0
手机删除的8300万个假账号相当隐喻月活跃用户数的3%至4%但报道指出脸书公布的数据很有限例如一除韩颖像暴力和,5
信老子答案证和他的一轮差不多近乎随声附和模样接着便将头转向别一面去了一句习惯法这是宣告讨论中指的表示,0
谈笑有一天百官正在吃喝什东卓令吕布将司空张温拖出去斩了用红糖姜张文论同送到西上百官吓得魂都没有了董卓还像往常一样谈笑说张文想勾结原鼠害我所以我把他杀了,2
还不够上的况且这件事我看得很淡这也是个人的脾气老太太到你虽看着但可知名亲并不看得淡了这回你带了信回去我才知道你老太爷过了,1
古剑上前助战终于将吕布打败了吕布战败并无战心董卓为了保命放火烧了东京洛阳城压皇帝大臣哈洛阳百姓迁到西京长安,2
何太后见董太后把词大全心里也不痛快他讲了一个计策在宫中摆了一桌酒请董太后来喝酒劝导她以后不要管国家大事董太后期的脸上红一阵白一阵叫人大吵一场,2
高山在台湾柏栎中代表不同的玉山与太雅的雪山阿美的秀姑峦山南湖大山台湾的北大武山合称五月为台湾最具代表性的五座高山,3
解到你见过别人了没有着味道都见过了货币联盟退去同价向宝玉笑道你林妹妹可在咱家住长了宝玉到了不得向来这几日他不知乎的怎样呢说这次没长叹,7
我远远的江湖在榜上的绳子止拉那鸟雀就照在普遍下了什么都有道基搅基鹁鸪蓝贝我于是又很盼望下雪,0
齐秀的齐天大圣是子不由大路劈头一斧砍去大盛不慌不忙举办迎的不出几何把浮屏打成两截去灵神慌忙呗走大声笑着说能包快去报信,6
送到这些女子叫做野鸡的人就是刘仓的意思也有良家女子也有上茶馆的这是羊场上的风气有时也是个禁令然而不久就开进的了,1
10米就会被剪了哦导致未来将不会有新进老师进来就不长他们装表示建立勇士的退复制度势在必行但相关改革应该缓步推动考虑教学现场的差异性他建议未来中小学教师退休年龄可以考虑演到60岁大的社员退休教师面临泽可以比照,5
化经济交往由于汉族人口从黄河流域大规模迁移至汉定南部的长江和珠江流域生一贯的难度进一步增加了南方的黎族等少数民族与汉族的文化和经济联系,3
约束担心孙坚破了董卓增加的实力对自己不利有一部发给孙坚粮草孙坚硬中缺粮君心慌乱被华雄趁夜偷袭瞬间军队大败,2
有一天刚升到的茶馆里看见一个奇人进来泡茶却是自己带的茶叶打开了纸包把茶叶尽情放在碗里那堂上的人倒茶叶怕少了吧那情,1
悟空一看认出是老君就失礼说老倌儿哪里去到金说猴子还我宝贝葫芦是成单的进,6
如今见是荣国府贾二老爷的夫人听得说如今上了年纪越发临冯旭老最爱在增进到10名涉嫌的如今王府虽生了辨认只怕这儿骨太太还认得咱们,7
任何人你是我自家亲信人挂上了一个名字他总得要分给你一点好处还有你书起名下应得的薪水大约出席还不很坏这50两银子你慢慢的还我,1
一摇头说不多不多多乎哉不多也是这一群孩子都在笑声里走散了孔乙己是这样使人会和可是没有他别人也辩证和,0
宝玉早已看见多了一个姐妹便料定是林姑妈之女王来做一只见壁归做细看形容雨中个别两弯似蹙非蹙罥烟眉一双似喜非喜爱,7
隆纳足球俱乐部简称巴萨是一家位于西班牙加泰隆尼亚巴塞罗那的足球俱乐部于1899年有一位瑞士企业家胡鞍钢博所算,3
与春正直无感风寒并在旅店将一月光警方监狱一应身体牢圈儿硬盘费不济也正与寻个合适之处暂且先下仅有两个就有意在此仅居住英文得出,7
落实意识过10兆时喷100000样样俱全时候跳出来相撞后说了中后相继跳进腹部钻进洞里一个个正捧着碗闹得不可开交之后往当中十里站一座,6
针对特定分享对象进行聊天串对话文而关于用户自己的详细个人资讯页面只有在自己能决定谁可以解释你可以设定只有你自己的才能显示或是挚友圈和朋友圈和朋友的朋友圈和完全公开,3
还是我用的底下人告诉我的我告诉了这个笑话给你听你就知道这底下人我此刻还用着呢就是那个高生这高生是京城里的人我那年进京会试的时候就用了它,1
开水高身心中暗暗好笑后来又看见她在腰里掏出两个金钱来买了一个烧饼在那里撕着吃谢谢你觉像是很有味的光景吃了一个多时辰方才吃完,1
答复制通常用一个短的随机字母和数字组成的字串来代表好的杂凑函是在输入域中很少出现杂凑冲突在杂凑表汉资料处理中不一致冲突来区别资料会使得资料库记录更难找到,3
好在兖州招贤纳士有数12人来投曹操拿饮餐饮因人性循名与字文若荀坤之职业就是袁绍经济少头唱,2
终于朦朦胧胧的走入睡相全屋子都很近这是红鼻子老孔的小区也早已经畅玩踉踉跄跄出了咸亨却又提进了喉咙唱到我的冤家呀可怜你孤零零的男票便伸手就,0
插着一个紫花应的文书壳子还有两个人都穿的是蓝布长衫像是个底下人光景我想证明明是个官场中人如何会做贼呢这广东人太胡闹了,1
我独自一人越觉得烦闷睡在床上翻来覆去的睡不着想到既知此时在里面是天伦之乐自己越发难过做起来要写封家信又没得着我不,1
毫不为其毫不介意因为他根据他的差不多说知道这是新闻记者还未缺少润比的缘故万一政府或是客人停了今天他们多半也要开大会的,0
落入此其母母10年90余亿问曰吾尔和往着约而将往受汉单母亲早晚为太后也,2
凤梨酵素对于消化不良便秘等肠胃问题具有潜在的疗效不过医师也提醒急性胃溃疡糖尿病患者过敏体质的人尽量少吃凤梨,5
现在怎样赢字这小东西也真不成东西关在牢里还要去老头造反啊呀那还了得坐在后排的一个20多岁的人很现出气氛不一样,0
仿佛闻到前日听见你大妹妹说龙哥儿媳妇身上有些不太好到底是怎么样有事到他这,7
我想定了主意就将这册子的句子改错了小说题材和做若干回家了些评语写一封信另外将册子封号写着祭日本横滨市山下町,1
刘备不杀吕布曹操又生一计先派人告知元素说刘备上表皇帝要工序南郡随后又正式下诏让刘备征讨元素两边一打吕布必然会令打主意这叫驱虎吞狼之际,2
不同的意见在内部讨论也都会有些不同意见其是在内部的会公开讨论哪国将其实也不会去很多的事情谢谢不是主席一个人说了算呐都是大家有意见都会公开讨论所以如果说这样还有一些沟通不足的地方形就像我刚才讲的应该是我们这几位,5
瞬间竟洛阳城救火时从皇宫的经历打捞起一颗黄帝用的预习答应袁绍得知这事后要瞬间将传国玉玺归还朝廷瞬间撒谎说他没有见过玉玺带领人马回江东去了,2
然后躲避障碍物逐渐消失在田野中投入台湾蝙蝠回声定位研究长达20年的十大生科技教授吴中兴建起利用田野研究与调查机会顺便采集各的蝙蝠粪便回实验室化验结果发现均含有锰等重金属朝量状况研判北部蝙蝠手工业与交通,5
这么想着既知乎的你回到工管理方才坐垫乎没有个百会计知觉前换上一贯出去回头我自在厨房里不去理会事业局者忌食材送过客户进来一面拖蟹一管一面所,1
2007年10月24日微软宣布以2.4美元购入1.6%的脸书股权让脸书的总价值来到约151美元在2009年后脸书的了,3
两块一样钱又住了一夜到天明起来桂花问他要一个金戒指他连说悠悠悠可是要过两三天了过了三天果然啦,1
是对宣红专员说得对呀我到六岁的婴儿用品和农药不会有奶粉的妈妈来下单后提出少量下单的时候均有正常出和来去的妈妈们的信任他在大量下单后旁边有汇款他就开始好,5
全部挤在里面我和二路派出所派猴年所长说,5
是挺着刀枪剑等着便刺痛着穿着厚假没有被刺死董卓大叫吕布就命里不应声从车后转出一记直刺董卓咽喉顿时器觉得王远下令将董着尸体扔在街头让老百姓解恨,2
不妨是吗他先去吃两题他喘不过气来一次子都单着呢这是火克金和小先说了半句话便闭上眼睛单四嫂子也不好意思在问题,0
由的就餐上些滑石粉拿熨斗熨烫到弄上了两块板印子来了他们恐怕人家看出来等到将近上灯未曾上灯的时候方才送还人家以为可以混得过去,1
心里仿佛觉得空虚了浑身流汗急躁的只爬着这期间心在空中一抖动有出这种古怪的小东西了这似乎也略有些马上行的弹出手很松脆他又具,0
陈留王登上殿堂全程和洗完毕后动作命令符合太后和弘农王何圆环的非只谈思路永安宫封锁钩门禁止一切大臣进入可怜的少的是,2
20年之久在此中过来未曾被的一种锁时未曾被第2种锁但未曾被第3种锁角居然被我都闭了过去还不算是九死一生吗所以我这个名字也是我自家的纪念,1
徐忠孝西路派出所民生委所长说检测4009那可能是因为一时兴起于加上痔疮请靠边接受盘查所以他才会有重重的一个100000的车冲撞的严谨手脚分别受到挫伤,5
啊冲出曹操逃亡北门和光中撞见吕布追来曹操连忙用手刨遮住了脸你不用化剂在曹操的头盔上打了一下问曹操在什么地方操操随手直指前边的人骗走了几步才死里逃生,2
无影无踪无空正要使定生法定他们均呈糊听杀声惊叫牛头不见了师父及纵身跳上半空只见一道皇城往西北去了大叫兄弟们会随我去,6
内政部医政署副署长选择方输组织厂商对于我们的子弟网站辐射的肯定难度高达98.99块的49步左派政治的前队长张来他们是重复的知识跟正确17年起推动的研发的大意是用产业办,5
50公斤的安非他命高雄地检署襄阅主任检察官王启明说,5
我这次是专为了别它而来的我们多年聚族而居的老公已经共同卖,0
黄艳逼人自以为名震天下了最可笑的还有一般是会不过略是只无因为宴现那些有芳名是要跟着他学出了钱叫人大作了来也送去登报,1
玉帝说这猴头人如此无礼天只能装娜娜暂出班说课,6
皮克球是用球拍击球的一种运动是从美国西雅图的本部里祈祷兴起的说他是网球羽毛球合作,3
各路诸侯的兵马进了洛阳曹操劝袁绍趁机追给董卓诸侯都不愿意曹操欠这些人目光短浅不能承,2
既知道梅西说是他兄弟的是不过万把银子这回又肯拿出18000来周璇这件事有了1万和8000我想万把银子的老寨差不多也可以将就了解的了又何必另外周旋呢,1
曹操听说刘备得了徐州不仅大陆边要传令出兵攻打徐州楼市寻见曹操动路建议他攻打松川等地的黄巾军夺取当地粮食,2
还有他的发放救灾的需要那我们决定先从就会取得很像和导向和国是跟国宝这个谁都会去选择那个路段然后那我们就是信用就是把裁掉了都攻击的信用度人如果在民警及电话的路段与有紧急状况应尽可能的把车辆停靠路,5
给王登基成为汉献帝豪等着用命令比如设计在所谓的兽九里单独的弘农王和太后还有唐飞饮下毒死了红楼王和堂妃太后不丑,2
人张翼德的后代一只将发生矛就有万夫不当之勇谁能抵挡他他两手同时捏起空拳仿佛或者无形的什么模样像81少强劲挤不到你能抵挡他吗,0
金老说老汉服女逃出魏洲身怕政府派人追来没赶本东京却来到这里恰巧碰到一位老邻居他帮老汉安顿,4
只见到广东人伸手在她床底下一艘拉出一个往兰来七横八竖笛放这是78杆鸦片烟枪89知铜水烟筒中任一件一起乱嚷起来这个说那一支烟筒是我的那个说,1
这当然需亲将令的了所以我往往不是用的区别在要对于日本上行空间上一个花还在明天里也不是单四嫂子竟没有做到看见儿子的梦,0
正在说话间忽家人来报说老太太到了在船上还没有起案,1
刘姥姥一巴掌打了他去虎见周瑞家的消息吸走过来着手儿叫他有姥姥会议于是带了反而下岗子弹屋中周瑞家的又和她几乎了一会放过正道这边乌里来,7
特别的比喻另外由身障朋友组成的有爱无外团也将用手摇自行车跟团挑战展现他们对生命的热情支持的自行车队伍将以自行车环岛1号线为住在路上遇见识别忘了给他们加油打气进广记者陈10台中市报道,5
占上风但未取得的定全局的战略性大胜法国远东舰队虽与海战赢得全胜并一度攻占基隆澎湖等地却因与虎尾金新北市淡水区的受挫及疫病流行,3
今年初在新发布的国际疾病分类当中加入电玩城影视电网成瘾正式列为精神疾病等于承认识重大公共卫生意,5
控制环境污染环境污染防治的监督管理等11项具体职责其中生态环境局有你定生态保护规划的职责包括指导协调和监督自然保护区,5
不妨尝到寒的小王虽不才却多蒙海上中明示范制度者未有不令垂青木是以含的高人颇具令郎常去谈会谈会哲学问可以日进一甲正忙躬身答应,7
媳妇拿乐队排来领取成文金榜纸扎票上披着数目众人连忙让作倒茬一面命人按数曲子来抱着同来王媳妇一路来自一门口方教育来王师傅自己抱进去了,7
1735年的3450 30485音量上升至全能39年1774年的73900005千610音量,3
这人来了就到都出去求见那位刑名师爷又递了一直催城南新名师爷光景是对大帅说明白,1
清晰的步态密码标准在哪里买标准在哪里就是隔岸观去看而对于科学月刊提到有问题的论文又使用到科技部经费两红灯表示由于研究经费以使用完但部分经被禁讨论确认后将会追回尽管记者很淫荡,5
天下大势分久必合合久必分春秋战国天下分崩秦始皇统一了天下兴亡之后楚汉相争汉高祖刘邦消灭了楚霸王,2
有世界平均的六分之一拥有46.2%之降雨量直接流入海中而33.3%为蒸发散损失可利用水量仅占降雨量之20.5%位于新北市平溪区的火车,3
查获的毒品生物科技正常犯罪题材并且由海关缉毒犬培训中心进行缉毒犬执行演练缉毒犬的功夫确实到位闺密度增添不少能量尽管记者量削台中市报道,5
还有好笑的那你看那报上不是有许多题画诗吗这座题画诗的人后佛告白上面总有它书画舫单其实它并,1
来的伴唱歌曲一组爱伴唱产品竞争品牌事业从事竞争也造成部分卡拉OK店家的消费者在相同消费金额下可选唱的歌曲数量减少对半唱产品供应市场的竞争及消费者利益明显有负面影响所以予以重罚尽管记者王海瀛台北报道,5
才解下沙生八家唐僧收拾码的行李正耀溪行山神把饭送来悟空接过饭还是热的山神就说笑神把饭又热了唐僧吃了灾范师徒才寻路西行,6
这部预计3月调查学生申请计划的因缘能等不得将在5月公布详细指圈内容有音乐申请的学生需提出2000字左右的计划给这一部另外面合成功后就是公司正式员工工作待遇及业务都比较其他员工尽管寄这封信在特别报道,5
听说外地的兵来到便先下手为50名刀斧手埋伏在长乐宫加德门内脏和太后朝和进进攻和太后不知是计,2
健身心的相关应用来看针对智慧语音助理喇叭自动驾驶的ABS系统语言建智慧制造与智慧工厂影像辨识与监控等相关产业供应链通是ai人工智慧为爱发展的重要产业趋势,5
15 10栋左起黄帝来到家得电召集文武百官动作巴出场间对大家说天子现在残弱不足与君临天下现在我们前面被皇帝为弘农王凤陈留王为皇帝,2
二人相见各执一词话不投机大动干戈将来办网大战30回部分胜负老磨合才好好哦哦哦这个是闹天宫的本事故宫也称赞老母,6
只听那广东人又对众人说道我不说明白你们众人一定说我,1
他们又故意的高声了道你一定又偷了人家的东西了孔乙己睁大眼睛说,0
那贾珍因建发引致敬亲自坐车大了阴阳师利网铁槛寺来踏勘吉林所在右一组,7
你还了一文钱就任你是好汉还不出一文钱正平你是大爷二爷也得要留下个东西来做的呀你要知道我不能为了一文钱到你府上去收藏,1
生了一个夜叉之内他在村文里面的确已经是一名出场人物了但夏天吃饭不点灯却还守着农家习惯所以回家太迟是该嘛的,0
感觉属于认识的感性阶段是一切知识的泉源她同只觉紧密结合为思维活动提供财,3
你知道很多可以适当的选择其他的食物不要每天吃这一类用这个高温烧烤的食物请群众也说如果真的无法抵抗侵本料理的魅力也要记得避免使用烧焦的部分以降低罹患癌症的风险情况记者将军俑的特别报道,5
头部与颈部继续使用相机产品请追55克橘程同步重量一是建议每隔一个小时就要休息这些简单的警备以及腰部伸展运动是杜书款竞争压力如果发现颈部剧烈疼痛前蔓延到双肩和下肢就应该尽速就医尽管机制服运动特别报道,5
统出访期间航行通过台湾海峡先前国防部记者会中媒体关切国军营主体分子动作当时国防部联合作战处副处长魏造林上校就表示过群会依照国军经常战备时期突发状况处置规定进行处尽管机制往往从台北八道,5
为了唐僧重回高老庄杀生不忍心版过师傅一摸口中还出去就喊八戒过来唐僧苏醒过来呻吟一会儿那么磕头,6
我面前许下愿星用圈子将他抱住了他家人很怕羞只是不怕我没有旁人的时候便和我说话是不到半日我们便收拾了,0
金狮的上将华雄威势浩大袁绍为盟主少书袁伟现为太傅汤和里应外合身为不便可先组织请成像清领大军奔波脚蹼,2
立即伸出援手还减是老先生有没有受伤并陪同他到医院这个举动全部被路口停等红灯民众目度称赞臣赵元珍是一位暖景化解一场为期仅广记者梁薛台中市报道,5
研发创新基地和因缘晶片中心在店里中特别颁发特殊贡献奖给新思科技以表扬新思科技长久以来协助国研院镜片中心曲,5
吃下去发散的就会乱冷吃下去便凝结在那15藏去暖他岂不受害从此还不会不要吃那冷的那宝玉听这话有情里便放下冷的命人暖来方影,7
有喝吗你赶赶假冒黄清虚报功劳朝廷就要淘汰你们这种官员刘备不敢顶撞退回衙门见丽说都由无非是想索取贿赂刘备说,2
都差人吃了明天送寿礼来句回了我父亲先收在账房里了李丹都上了档次了老爷的领解的明天都交给个来人了个来人也都照旧历上了重来,7
总寻自己本来是一个男和电力学生一出生不知怎么样被他走到官场里去你想着的,1
会馆里有三间屋相传是往西存在院子里的槐树上一只过一个女人的线,0
走了城市城还看见许多少头夹着黑圆圈在眼前跳舞有时杂乱有时也摆成一样的正途然而渐渐的减少了模糊了,0
地来建物空说怎么有这么多山神土地种什说这里是600里钻头号30里山神十里一土地共是60名迎接来迟请大圣数罪,6
我们目前所在地的地方是我们整个城市入口一向非常重要的指标这个广场我们把它定名为县民广场东转运站的重工程经费是7353元在内提供客运售票窗口一起公车动态之外还有厕所后车,5
我家50两银子给你寄回去你信上也不必提名是借来的也不必提到未见着令薄纸糊里糊涂的说先寄回50两银子随后再继发了不然令唐伯母又多一层着急,1
张些清他是牛魔王的儿子罗刹女所生叫红孩儿存在火焰山修炼300年练成三昧真火炮称顺应大王乌空和退,6
不定时的会进驻我们混淆来指挥我们简述这些组织犯罪的一些帮派糖果所以这这个对我们的显示我黑帮的工作注意会长的大尽管这个事其实报道,5
正在胡思乱想的时候忽然一个丫头走来说是太太清我我便走到上访去见了季氏夫人问有这是几只,1
贾珍又是两人亲自缔了查阴笑说道老太太原声老祖宗我父亲又是指而这样日子员不敢请他老人家但是这个时候天气正凉爽满园的菊花右,7
与在雨中情分写作反而成为了居民的乡土文学作家作品厦门新娘草的庄园都曾被翻拍成电视剧后来因缘际会踏入影视传播产业也曾经主持政论节目里特有的主持风格走红请广记者围巾女孩难报道,5
去了比10名龙国两处直是令牌交牌的人来人往不觉哪不愧被打之人韩淑去了这才知道凤姐厉害众人不敢偷行安置此兢兢业业知识保全不在话下,7
大帅说要是有这回事早些料理清楚不然这里踢出去就不好看了防弹衣人问他他却落得个一干,1
让民众来申请自动解一家银的价九尾的这个策略南中央也支持这个策略就是中央的只要你申请就40000块钱的不住不住你到医院的医疗院所让医生帮你解酒瘾者都是重要,5
西安金富途家不愿重新出行非常之事哪有非常之弓缘将军绝技之超时着手而笑曰,2
很大运方面甲用文言百华明会生动的吸收古代文言的精华一家以适当的通俗化不能文不甚深言不胜数收雅俗共赏之艺术效果,3
有一天来了一个人买了几件边和手镯正在又买了一卦潮州还的价钱实在那行批评东西的毛病说那东西的出处着实是个行家过得两天又来看东,1
教书都不给钱儿子去念几句输到要钱一觉得他已经不很不地道理似乎就要将自己当做校长来出气也犯不上便不再言语了,0
老公爱尔达防守很舒服似的喝了一大口九姑的唱齐晓起来指着时候甚至少是正抱着他的宝儿,0
三中不计岁月转眼就是几百年这天美猴王正同群猴嬉戏突然双眼垂下泪来撞头忙跪下问但王为什么烦恼和王说虽然人,6
10000多元宝户表示中央机关今年共有20间的国平安过方不赔偿7000多万嘴多出了兄三飞弹误射另外还因为国军车辆撞上前往新篮球国手也赔偿2800的问其次是装不了1000多万和保护了300多万锦广记者刘增财报道,5
或者是我们今年叫他今年的高今年的高中应届毕业生有30%以上的学生要练这个高中就是高度适应了,5
小半碗饭的跟周玉石学林二人也吃完了饭又艳艳的七上茶来大家吃了薛姨妈方放了新学院等30个丫头以吃了饭进来伺候带语音问宝玉道,7
走走过腹部多久就学会了人的理解和语言他到处寻找仙山洞府只找了89年也未能找到救灾变着法子挑到西牛贺洲又找了多日,6
合伙吃我的人便是我的哥哥吃冷的是我哥哥我是吃人的人的兄弟我自己被人吃了可能来是吃人的人的兄弟,0
到了晚间我在临床旁边守着夜深人静的时候那有云秀走来悄悄问道,1
但这却是不发一人死里逃生分开众人走上一步向汉子问道这本书是卖的吗可溶解我一看那汉子道这书要卖也可以要不卖也,1
我们终于谈到搬家的事我说外间的寓所已经注定了又买了几件家具此外需将家里所有的母亲卖去,0
你们都是一心且看二心读来了话音刚落就见两个悟空跟着金刚来到宝店争先恐后的自称是真的那四大菩萨八大金刚五百罗汉3000的接地的剧不知真假,6
主席有美女宣布为了避免造成社会对立事缓则圆委员会通过协商结论为本案逐条审查前会广纳各界意见应先召开两场公听会同一个版本才与第9届第2会期结束前审查完竣些审议过程部的杯葛尽管记者还应特别报道,5
我听了这只一席话暗暗想道具他说起来这两个倒台一个支线的行进官场中尽是男盗女娼的了但系之现在也,1
那么给这里的报管理给报管理便在这里很大的爆管理我靠着一个学生在那里做编辑的大前面1000字也就是这几个钱,0
我看了这性知道是中梅西的是然而不变出1000两的收条给他拿了这封信走到书房里顺,1
没有这么高嘴唇也没有这么多而且终日坐着我也从没有见过这圆规式的姿势那时人说因为一则豆腐店的买卖非常好,0
北京政治风波至1989年4月15日至6月4日间发生的一系列事件提出是北京各高校大学生悼念前中共中央总理书记胡耀邦后来演变成全国范围的大规模的抗议示威运,3
想念两个字我想去银是说不着想的若说难得连存年这又是长辈出面的口气只有从前看见古时的木质背名都有用春,1
不得年前了如今太太近不大管事了都是连二奶奶管家你到这边儿奶奶是谁就是太太的内侄女当日大舅老爷的女儿小明风格的,7
郑州救出了董卓不撩动着一厅三人并无官职立刻把三人丢在外边下马进帐去了张飞顿时火冒三丈便拔刀进账要杀董卓又被刘备劝住三人于是令责任吗,2
JavaScript一种高阶层是语言通过解释执行是一门动态性别误解导向的职业园他已经经由于cma通过1cm script实现语言的标准,3
可是大哥打听来的还是别人传说的那几知道这是我在番薯号房打听来的千真万真断不是谣言你且做做我还要出去办一个可能说着出门去了,1
原来这铁槛寺原市林荣二宫当日修早现金还是有香火的母不失已被禁终老的人口在此便宜忌放其中阴阳两侧具异域,7
病是一个非常偏差我说我们才说话,5
怪不得我说他是同乡他的家乡话却说的不像的很呢这也难怪男儿你年纪太轻一个人住在客栈里不是,1
不同的灭火器是专为指定类型的火警而是一只应用在该种和紧致上否则可能产生危险去欧盟标准a类及B类灭火器会加上一个数字用以表示该灭火器能有效扑灭,3
并不表示在初一到初三西半部及离岛地区可能会有局部武汉的云影响能见度光散领导的民众要注意航班资讯而东部地区含蓝与绿岛恒春半岛则有长廊发生的几率也挺兴前往海边游玩的民众多加留意尽管记者陈君浩特别报道,5
白练瑜伽约作者不以可林子25堂妃贵告曰妾身带的研究员工存母子性命如,2
过几天王允又请董卓到府上喝酒让貂蝉唱歌跳舞助兴董卓电件貂蝉每四天上下凡仙女眼睛都看呆了王远便向董卓说我想这样子女献给太师,2
青青缎子外挂挂上海最正品的紧急补服挂着一副象征象假的蜜蜡朝珠头上戴着金士大冒红顶着花岭脚下穿的是一双最新式的内存金靴直送那个到大门以外,1
他投怀里抱着她晓松的同几个小女孩子说笑而来宝玉恨不得下车跟了他他去料是众人不一的少不得已暮相送争奈车青瓦会议时展演吴忠,7
悟空回到银中将兵器还给了赵火器还给获得众人春解不止老无悲哭叫声惊醒慌忙拿着圈子东一头洗头扑火大把大火扑灭小要以被烧死大半剩下不到百10名了,6
把一把红毛变成无数小红把枪刀剑给办了无数间价狂风返回花果山户空汇聚众猴既有47100口就给儿孙们编了对分发了兵器操练起来,6
张新伟的热量容易持续有饱足感觉特性民众与最大餐DIY相师选择蔬菜水果优格燕麦片加水煮蛋一颗等不过他特别强调使用大餐多次反而容易产生引起饥饿导致基础代谢降低尽管技术防军委张华园林报道,5
卓得不将李过四章济范畴四人逃到两周后派人上表请求宽赦王远坚决,2
不过法官调查认定他触犯强盗罪是证明确认出他政治青年精英期欠债务都没抢到的一暴力供给被害人恶心不禁半后又没有坦承犯行因此重判8年两个月经期间上诉到最高法院不会之后就此决定尽管记者林宗台报道,5
区域影响的可能发展加强跟相关部会密切的合作也理应应对策真相也表示新的一年期盼路方理性思考一切努力建构两岸互动的新模式希望双方都能把握气机展现新意尽管记者王涵莹台北报道,5
文章范的脸书便不愿提供脸书宣称今年首季删除的帖文量超越去年第4季但脸书却未提供往年详细数据是外界难以,5
可是上月里来的一成半都玩了昨天的你也还是好容易才收来的那一站在桌旁脸对着它说你看还说教书的,0
董卓的是华雄被杀遍林大军与盟军大战于虎牢关吕布勇不可挡接连杀败八路诸侯,2
玉山通常是指玉山主峰海拔3952公尺为台湾最高峰主峰为台湾最高的山位于哪,3
这闹着人回苏州区的人遭未来了凤姐姐命换进来这儿打千儿请安凤姐便问回来做什么周二到二爷打发回来的,7
我们的时候不知道干些什么事迹得润图很高兴书是上层之后见了许多没有见过,0
到60岁校园的老师因为所带领的学生联系比较早期的创可以比照公务人员65岁这样的一个思考他们强调年间改革不能只考虑财务还得去思考如何让教学现场有稳定且具活力的老师仅关系着方现在特别报道,5
指匈奴鲜卑街枪的五个湖人的游牧部落联盟百余年间这些内签的草,3
刘姥姥到这倒不然谋事在人成事在天咱们谋到了靠菩萨的保佑有些机会也未可知我到替你们上出一个机会来当日,7
当下我听了自研自是欢喜感激便去写好了一封家信照着纪之交代的话含含糊糊写了并不提起一切到了明日记之打发家人动身就大了去,1
有几回龄是孩子听的笑声也赶热闹围住了孔一起他便给他们,0
你们说了谁能进洞拜谁为王我问你们找了这么好的家你们怎不拜我为王正好一起跪下叩了头正时和为10和王千岁时候先识字不好听就改名叫美猴王,6
我说到这句话只怕大哥说错了我今天日历看见狗才送课的时候没说穿的是崭新衣服底下人也是五个哪里至于,1
那么办问那广东人到桌子桌脏呀你捉着脏没有那那广东人到张是没有然而我知道一定是他总是不见他亲手偷的他也是个贼和我只问他要东西买办到,1
但是差不多的事时有发生了政府当初虽只不理那些州人头痛的教员后来进步里到无关痛痒,0
夏天到了吃凤梨能够消暑还能抗疲劳是热带国家最爱的夏,5
小说慢慢的从小屋子里走出两手按了胸口不住的咳嗽走到看下城出一碗冷饭好上热水坐下便吃华大妈跟着他,0
曹操控制的皇帝百官变相攻打徐州的刘备吕布楼市巡线处于G角色和进食让曹操作请皇帝人民刘备为徐州太守,2
为加强对群集风光源退出时代力量的看法国民党立院党团总召廖国栋表示没有什么评论那么多成员退出我们有什么评论的而民进党立委柯建铭被询及对此事看法师则表示那样去问时代力量尽管记者王汉银台北报道,5
禁毒影响大而中南部的蝙蝠更简出农药与答案深受农业用药影响和中兴指出蝙蝠依靠中枢脑神经系统辨识自己发出的高频声音回拨定位而能在空中自由翱翔但因一时不断累积环境毒物已经让许多蝙蝠因此丧失生存本能从村,5
个金戒指去当下桂花盘问他在上海做什么生意他也不隐瞒11的造纸说了问他一月有多少工钱他说6块阳钱,1
真小组成员林苗栗大将吕姓嫌犯逮捕到案调查发现去年9月高雄市警方就曾破获诈骗尿布奶粉钱的按键出现嫌犯就是他们的上游而且照片人数更多居然一家中假期的罪嫌移送侦办情况记者徐俊秀高雄爆炸,5
要在现场要到酒店内讲调解纠纷股东并没有现身现场也没有暴力情形现场黑人见到大批警力到场只能悻悻然离去警方将循线追查这群黑衣人幕后主使以及是否涉及不法尽管记者孙秀考生报到,5
从采用应该念动着对自己的好处对董卓的死伤痛至极王允要杀蔡邕中官说采用很有才气请求留他继续写完汉时往远没有听众观的意见还是将蔡邕打陆裕中害死了,2
我连忙问是什么笑话高声道就是那边狗公馆的是昨天那狗大人不知为了什是要一会可因为自己没有大衣服到一桩里租了一套豪华来,1
加州已经没有大碍虽然男子的决策时为0.09毫克没有超过处罚标准不会因为一时心虚竟然冲撞执行员仅因此询问候能依照妨害公务罪嫌被移送台北地检署侦办尽管记者进杰在台北报道,5
八戒沙僧把行李往马上衣搭连马都在云走了女儿国的君臣跪倒在地说原来都是白日飞升的罗汉我们都有眼无珠错认了中华男子女王只得怏怏回潮,6
导体资讯通讯电子机械绿色能源及其他服务业的22大产业提供硕士以上学历一年与产业界辐射的机会另外于今年起开办产业迅速替代役使用对象扩及副学士以上学历一男是刚从学校毕业的学生得以,5
里面提过了第2级毒品安非他命一共11箱一共150包共计149.059公斤的鱼岸诚信男子涉犯运输的二级毒品罪专案小组正扩大追查其他运动集团成员尽管记者薛珺琇高雄爆炸,5
那一般都芳名是结识了两个报馆主笔天天弄些失去登报要借此博格斯恩的名色自己变黄的歌,1
台湾到安全地点拨打1968球员如果手机收讯不良可拨打112紧急救难专线转110报警而手机没电或没带时则可开启前引擎盖过后行李厢盖挥动双手请求援助提醒其他用路人协助通报尽管记者写文会特别报道,5
因为那时的主家是不主张消极的至于自己却也并不愿将自以为苦的期末再来传染给也如我那年轻时候似的正做着好梦的青年,0
我100年的区域福尔摩沙今年吸引超过700多人参加深浅巨大捷安特执行长及台湾自行车输出业同业公会理事长得多项安表示台湾在过去10年已经成为自行车骑乘的天堂般的活动是越办越热闹,5
拿下台湾全岛的战略目的而清军虽于出奇陆海皆遭惨败导致由恭亲王奕欣领班的军机处被全面撤换但后期勉强在台湾形成僵局切有冯子材统帅,3
保护监管野生动植物珍惜林为物种保护及白洋淀湿地环境保护组织指导农村生态环境综合整治组织协调生物多样性保护,5
是台湾也是东亚年降雨量最多只的由于最大分水岭中央山脉分布位置偏东市的主要的河川大多分布在西半部都适合穿在夏季时洪水滚滚至东晋时有盛夏河,3
林佳龙表示他就任以来相当重视治安与毒品问题除了亲自主持圈汇报及各项防治毒品会议并且要求警察局加强首都工作,5
是洪英公司以契约向经销商收取雄在权利金并订定维持优惠租家估价格调整作业办法促使经销商队友同时使用其他竞争品牌翻唱歌曲的店家家说每台nds 655电脑班长期每月2000元的租金违反公平交,5
与就业储蓄账户专员办公室执行秘书网军权说方案目前有7000多个子缺劳动不还会在筛选希望视剧发展现和技术性的职缺协助学生探索对该工作领域的兴趣例如许多传统,5
迄今早还没有答话忽然看见七金从小巷口转出便宜的方向被他嚷道,0
我的父亲允许了我也很高兴因为我早听到入土著名字而且知道他和我仿佛年纪闰月生的五行缺土所以它的,0
曹操大喜之间选择背后传出张飞高声大叫俺哥哥展了华雄不就这里杀入关注和拿董卓更待何时元素大陆合约版大城上次千丈量一县令,2
第6警分局协和派出所警员陈肇源表示日前上午8点多上班交通尖峰时刻他在台中荣总医院附近正在劝导一位民众不要交通违规时突然感到一阵强风吹来一名曰吧,5
先进设计软硬体技术培育晶片设计人才促进先进半导体设计技术研发对台湾半导体产业发展具有的卓越贡献晶片中,5
清风哪有钱给他第2天都由校去县立命令他们无限性为维害百姓刘备几次去求情都被挡在门外,2
想吃了饭才去母亲该请二位太太老娘婶子都过原子里作者去把油是倒也是才吃完了饭就要过去了,7
在环境与台铁车站也会设置之于通廊屏东县民广场紧邻着转运站总工程费是4700万源利用救火车站拆除之后的空间打造解决常年拥挤的站前交通乱象成为交通运输以及都市街面的中药狼毒尽管记者宋林评论报道,5
季氏已经回来了见了我便问到哪里去过我觉得直说一遍的只看到你再去也无用这回伯父去看荒是可久可暂的一切安心住下等过一两个月再说,1
高高兴兴地回来对八戒沙僧说兄弟们放心这怪绝不会伤师傅他跟老孙有亲妈家说你和他相隔几万里怎么会和他有,6
副检察长朱照明与新北市警察局长和木元空头趋势展现打击黑帮的决心新北市警局今日与地检署合作执行扫黑顺利减速竹联帮四海帮天道盟本黑道帮派七个堂口集成员共计55元新北地检署检察长朱照明说要彻底打击,5
就像维景成大医院发布声明指出王本和注射的时候就签署了安宁疗护医院输拒绝了心肺复苏术不坐垫及心脏器械等无效的急救选择尊严词是上午9点35分在家人陪伴,5
凤血便说到别人他也说明了后而我也说明了将来都没有人了本来要饶你只是我头一次看了下次仍旧难管不如现开发,7
对民众都不用付钱他这张表解根据花莲县卫生局统计去年有93人这个公费补助方式解除酒瘾成效良好会民众鼓励有酒瘾的亲友主动解除除了从源头防止酒驾也促进个人身体健康健忘记者张晗花莲报道,5
无知本质也但杨凤在大量大臣在朝不也踏遍否着约也已输与杨凤仙安琪星明,2
三国演义金于塑造人物形象能通过叙述人物的行动和举止来反映人物独特个性如诸葛亮刘备曹操关羽张飞等早已深入明星性格突出,3
现今年7月1号因物射雄三飞弹集中在空屋外海的翔利升渔船造成黄姓船长死亡和三人受伤检方认定全事故事一位列简章三明,5
明天焦提到过去上北是推动扩大有些免试入学的局限在私立高中止今年首都有15所公立高中职办理完面对即可以提高学生就读医院管理名而如果没有着卖也可以留用到一般的免试招生名额各校招生简章预计11月16号公告中广记者发现在排队报到,5
鲍鱼那些劝眼道你要走我和你一同走但听说说起身道咱们来了这一日也该回去了还不止那边怎么找咱们那说这二人便告辞,7
死里逃生到此话怎讲汉子到叫卖便要卖1万两银子死里逃生到不卖呢那汉子到与了知音的就一文不要双手奉送与他,1
婚姻合法的民法修正草案17号在立法院司法法制委员会开始不过在还未正式审查前亲民党立委陈秀霞及国民党立委许淑华体验认为委员会应先举行公听会国民党立委病情反复不掩抑制定者,5
最终以时任国务院总理李鹏颁布北京市戒严令解放军清场有巨大人员伤亡香港朱耀明司徒华组织黄雀行动就走才零封从德等学生领袖而告终,3
是的所以借来用用到觉得笼统些又大方不复回过脸来对鼎盛道这小小年纪难得他这等流星了说着又躺下去吃烟,1
猪圈猪圈那时正在与黄巾军作战便令刘备为先锋去攻打张保留被一箭射中张宝左臂关羽张飞一起出马助战打败了张宝珠圈变领大军去攻打完成,2
11月份你认识有110家的眼科专科医师会帮你做别挂后会的检查快递单号让你的健康因为你的检查能够及早发现避免失明的个状况,5
你搬到我这里来吧我同你从小儿就在一起的不要客气我也不许你客气你把房门钥匙交给了我把搬行李去,1
a类可有效扑灭燃烧和木材和火灾之直径一厘米表示通常为五至233的数字比类可有效扑灭燃烧正庚烷火灾之容量以生表示,3
从1月27号除夕白天开始冷气团进若天气稳定生态大多是晴朗的好天气可望持续到初二然而也因为白天天气晴朗夜间辐射冷却明显日夜温差大声台湾白天平均气温大约在25度左右但是到了夜间清,5
曰如何人可大王死哪举酒欲和太后约如可先以后大妈和家无无引记录机,2
4日起5空就看着微腔消目为包着小红门操练武艺一天他说我们虽炼成五一旦术抢,6
不过像是麻辣锅因为添加了由牛奶其实郭子是高脂鲜奶油甜味这些锅底的热量超高大家都知道原市医院营养师杨兴雨说,5
给张晓月11号在年终记者会上提及2017年工作重点时空列出身着国内外形势演绎60两岸互动新模式推动两岸协议监督,5
加强审查内容的进展不过美国隐私倡议团体电子鞭将基金会国际言论自由总监约客人对脸书这份透明度报告表达欢迎他说的,5
小智肚财星期五制工作年资满25年年龄满50岁就可以申请退休请你退休金国家年金改革委员会执行状里面一同意将教师退休年龄延到65岁的方案提交年改会中讨论,5
既知道这个不用着谢你只管写信我这里明日打发家人回去接我家母来就可以同你带去结伴大,1
时候跟着猴群去山涧中洗澡洗了一会儿要寻水的源头和群顺水上行见前面山上飞泻下一道瀑布中猴说谁能进去看看不上,6
王源八号晚上在社群网站脸书Facebook上宣布退出时代力量他说他当初所认知的时代力量党已经变质成为一个国运昌隆党的时候他不希望他的努力最后都成为特定人是收割的成果时代力量立院党团总召徐永明表示,5
发生根神经都产生的问题大将子做造成他回声定位的一些改变或者变差当然会正定位系统城市的问题这之后这边和他就没放孙俪的吃到虫子没办法顺利的回到家里也没发生的那些躲避障碍物这时候就会让蝙蝠真实以后他,5
我正在听得高兴忽然听见装干尸三个字又是不懂寂知道话一会一样前期做做几家拿出一叠纸水果一叠纸挂,1
与职业发展另外行政院核定制明年起开放办理83年次以后出生长为一体为一南孚研发及产业迅速替代一个大专院校应届毕业一年可制研发及产业迅速替代役资讯管理系统查询并登陆尽管记者王银台北报道,5
有其独占组指挥法务部调查局南部地区机动工作站海岸巡防是高雄市政府警察局等单位去年12月21号在屏东西,5
果冻上目前全县共有2550座左右的紧急电话近几年来平均一年接到两三千个通报但其中真正因为事故和伤病等紧急求援者一年则是不超过40通和向国道103年7月起是半停用后至今只为通因为用路人发生事故,5
在我自己本应为现在是已经并非一个迫切而不能给予言的人了但或者也还未能忘怀于当日自己的寂寞的悲哀吧,0
不虞镇南关之一给法国陆军带来较重伤亡并成功夺回梁山导致如肺里政权垮台以此为契机两国重启和谈结果定的钟定定终发行约,3
石丽丽看能行舟者不多为荒西省河川只有台北市周围之淡水河大汉溪基隆河等有全连接吻的水量在台湾清治时期曾发挥重要运输功能,3
馆主任表示非常感谢城志宽总裁轻质来台也很荣幸可以亲自颁证此一意义深远的象征物不仅回顾过去展望未来更紧密的合作,5
不到14个月朝廷突然降下甚至要把因军功而为关的平民淘汰刘备阵担心身在淘汰之列恰逢都游到县里,2
悟空说方才中神说他是牛魔王的儿子500年前老孙曾和牛魔王等结为七兄弟游魔王是老大我最小论起来我是他的书里我们会去,6
花莲县警局交通队统计花莲地区酒家年内再犯案件就占了四成多为此交通对于欢,5
已经是无量与车架兴许都进入阳转运粮食数无欠缺全国只有大臣闻之当薪酬,2
厦门自焚事件中国中央电视台宣称与2001年1月23日所记录的14法轮大法学员的自焚抗议行为当局称为法轮功学员的修炼行为法轮功方面则指控是中共当局造假并否认该主张,3
15至233的数字例如一个13 a 168 B的和灭火器正确使用时可以把直径1.3米长的木火和浮在水上168公升的跟玩火就行,3
是有今日之和乳衰bdd约容我与太后做别乃大同合作格齐格约,2
正面但这也令人丧气因为我们早就知道这是必须做的事我们认为别书在未来如何鉴定并移除内容方面还需要增加透明度,5
产生的会发生很严重的问题我中心表示蝙蝠不只可以协助植物授粉也能帮忙除掉害虫粪便还可以作为肥料对农业提供相当高价值的生态服务期待透过也身边服务作为环境评估的生物指标让更多人愿意投入环境保护行动情况记者谢文会特别报道,5
政府承认法国对越南的保护权两国重开贸易受此暂停想蜻蜓推动了台湾健身与刘铭传为巡抚大力推展现代化房屋及新政并积极筹建北洋水师,3
台湾的天然琥珀不多最大的是日月潭面积约80平方公里其余大多是由人工所修筑的碧塘水库局多如虎头币曾文水库区山头水库石门水库等,3
一部政务次长徐有尽在致辞时表示人工智慧是台湾科技发展的主轴之一政府已逐步展开相关的软体应的关键,5
超大洗澡蟹别吵17首约反超有所图为公教支招春解而去,2
10.28天安门事件2013年10月28日12时05分左右东突厥独立运动恐怖分子制造的一辆吉普车冲向天安门前金水桥护栏后起火爆炸事件,3
不同地方对灭火器的分类稍有不同但基本上都是按照火的种类分为五类以下分类是欧盟标准中国大陆,3
我时常使人探听是日获得此诗来陈董卓卓约印王座尸杀只有名一岁命理如大五是10人入宫是弟弟,2
台湾雨量丰沛大小河川副部长度超过100公里有7条14分别是浊水溪高皮,3
天安门事件是指在不同时期发生在中国北京天安门广场的政治事件54运动发生于1919年5月4日1919年巴黎和会中西方国,3
